P_1X2_H,P_1X2_D,P_1X2_A,P_BTTS_Y,P_BTTS_N,P_OU_0_5_O,P_OU_0_5_U,P_OU_1_5_O,P_OU_1_5_U,P_OU_2_5_O,P_OU_2_5_U,P_OU_3_5_O,P_OU_3_5_U,P_OU_4_5_O,P_OU_4_5_U,P_OU_5_5_O,P_OU_5_5_U,P_GR_0,P_GR_1,P_GR_2,P_GR_3,P_GR_4,P_GR_5+,P_HT_H,P_HT_D,P_HT_A,P_HTFT_H_H,P_HTFT_H_D,P_HTFT_H_A,P_HTFT_D_H,P_HTFT_D_D,P_HTFT_D_A,P_HTFT_A_H,P_HTFT_A_D,P_HTFT_A_A,P_HomeTG_0_5_O,P_HomeTG_0_5_U,P_AwayTG_0_5_O,P_AwayTG_0_5_U,P_HomeTG_1_5_O,P_HomeTG_1_5_U,P_AwayTG_1_5_O,P_AwayTG_1_5_U,P_HomeTG_2_5_O,P_HomeTG_2_5_U,P_AwayTG_2_5_O,P_AwayTG_2_5_U,P_HomeTG_3_5_O,P_HomeTG_3_5_U,P_AwayTG_3_5_O,P_AwayTG_3_5_U,P_HomeCardsY_0-2,P_HomeCardsY_3,P_HomeCardsY_4-5,P_HomeCardsY_6+,P_AwayCardsY_0-2,P_AwayCardsY_3,P_AwayCardsY_4-5,P_AwayCardsY_6+,P_HomeCorners_0-3,P_HomeCorners_4-5,P_HomeCorners_6-7,P_HomeCorners_8-9,P_HomeCorners_10+,P_AwayCorners_0-3,P_AwayCorners_4-5,P_AwayCorners_6-7,P_AwayCorners_8-9,P_AwayCorners_10+,P_CS_0_0,P_CS_0_1,P_CS_0_2,P_CS_0_3,P_CS_0_4,P_CS_0_5,P_CS_1_0,P_CS_1_1,P_CS_1_2,P_CS_1_3,P_CS_1_4,P_CS_1_5,P_CS_2_0,P_CS_2_1,P_CS_2_2,P_CS_2_3,P_CS_2_4,P_CS_2_5,P_CS_3_0,P_CS_3_1,P_CS_3_2,P_CS_3_3,P_CS_3_4,P_CS_3_5,P_CS_4_0,P_CS_4_1,P_CS_4_2,P_CS_4_3,P_CS_4_4,P_CS_4_5,P_CS_5_0,P_CS_5_1,P_CS_5_2,P_CS_5_3,P_CS_5_4,P_CS_5_5,P_CS_Other,League,Date,HomeTeam,AwayTeam,DC_1X2_H,DC_1X2_D,DC_1X2_A,DC_BTTS_Y,DC_BTTS_N,DC_OU_0_5_O,DC_OU_0_5_U,DC_OU_1_5_O,DC_OU_1_5_U,DC_OU_2_5_O,DC_OU_2_5_U,DC_OU_3_5_O,DC_OU_3_5_U,DC_OU_4_5_O,DC_OU_4_5_U,DC_OU_5_5_O,DC_OU_5_5_U,CONF_1X2_H,AGREE_1X2_H,CONF_1X2_D,AGREE_1X2_D,CONF_1X2_A,AGREE_1X2_A,CONF_BTTS_Y,AGREE_BTTS_Y,CONF_BTTS_N,AGREE_BTTS_N,CONF_OU_2_5_O,AGREE_OU_2_5_O,CONF_OU_2_5_U,AGREE_OU_2_5_U
0.0,0.0,1.0,0.536766382912728,0.4632336170872719,0.963636616009718,0.036363383990282,0.7571245776304352,0.2428754223695648,0.5228561946226133,0.4771438053773866,0.299794347495978,0.7002056525040219,0.1441177865212541,0.8558822134787458,0.0611826484535263,0.9388173515464736,0.0,0.0,0.0,0.0,0.0,0.0,0.0,0.0,0.0,0.0,0.0,0.0,0.0,0.0,0.0,0.0,0.0,0.0,0.0,0.0,0.0,0.0,0.0,0.0,0.0,0.0,0.0,0.0,0.0,0.0,0.0,0.0,0.0,0.0,0.0,0.0,0.0,0.0,0.0,0.0,0.0,0.0,0.0,0.0,0.0,0.0,0.0,0.0,0.0,0.0,0.0,0.0,0.0,0.0,0.0,0.0,0.0,0.0,0.0,0.0,0.0,0.0,0.0,0.0,0.0,0.0,0.0,0.0,0.0,0.0,0.0,0.0,0.0,0.0,0.0,0.0,0.0,0.0,0.0,0.0,0.0,0.0,0.0,0.0,0.0,0.0,0.0,0.0,0.0,B1,2025-12-14,Gent,Antwerp,0.5115947111030614,0.2741491217073603,0.2142561671895783,0.4901831963633187,0.5098168036366812,0.9077081987265184,0.0922918012734817,0.7229215075137876,0.2770784924862124,0.4561977743496493,0.5438022256503507,0.2424329381756293,0.7575670618243707,0.1088276452645481,0.891172354735452,0.0420238636385587,0.9579761363614416,0.4884052888969385,48.84052888969386,0.7258508782926397,72.58508782926397,0.2142561671895783,21.42561671895782,0.9534168134505908,95.34168134505906,0.9534168134505908,95.34168134505909,0.933341579727036,93.3341579727036,0.933341579727036,93.3341579727036
0.0,0.0,1.0,0.5471458857434383,0.4528541142565617,0.963636616009718,0.036363383990282,0.7571245776304352,0.2428754223695648,0.5228561946226133,0.4771438053773866,0.299794347495978,0.7002056525040219,0.1441177865212541,0.8558822134787458,0.0611826484535263,0.9388173515464736,0.0,0.0,0.0,0.0,0.0,0.0,0.0,0.0,0.0,0.0,0.0,0.0,0.0,0.0,0.0,0.0,0.0,0.0,0.0,0.0,0.0,0.0,0.0,0.0,0.0,0.0,0.0,0.0,0.0,0.0,0.0,0.0,0.0,0.0,0.0,0.0,0.0,0.0,0.0,0.0,0.0,0.0,0.0,0.0,0.0,0.0,0.0,0.0,0.0,0.0,0.0,0.0,0.0,0.0,0.0,0.0,0.0,0.0,0.0,0.0,0.0,0.0,0.0,0.0,0.0,0.0,0.0,0.0,0.0,0.0,0.0,0.0,0.0,0.0,0.0,0.0,0.0,0.0,0.0,0.0,0.0,0.0,0.0,0.0,0.0,0.0,0.0,0.0,0.0,B1,2025-12-14,Genk,Westerlo,0.6665431292252596,0.2070110528388654,0.1264458179358749,0.5087714609035614,0.4912285390964386,0.9417047326214708,0.0582952673785291,0.8062846037169245,0.1937153962830755,0.5733612017631409,0.4266387982368592,0.3493281238601116,0.6506718761398884,0.1821632160023029,0.8178367839976972,0.0823775712013865,0.9176224287986134,0.3334568707747404,33.34568707747404,0.7929889471611347,79.29889471611347,0.1264458179358748,12.644581793587484,0.9616255751601231,96.1625575160123,0.9616255751601231,96.16255751601231,0.9494949928594724,94.94949928594724,0.9494949928594724,94.94949928594724
0.0,0.0,1.0,0.5492609612866284,0.4507390387133716,0.963636616009718,0.036363383990282,0.7571245776304352,0.2428754223695648,0.5228561946226133,0.4771438053773866,0.299794347495978,0.7002056525040219,0.1441177865212541,0.8558822134787458,0.0611826484535263,0.9388173515464736,0.0,0.0,0.0,0.0,0.0,0.0,0.0,0.0,0.0,0.0,0.0,0.0,0.0,0.0,0.0,0.0,0.0,0.0,0.0,0.0,0.0,0.0,0.0,0.0,0.0,0.0,0.0,0.0,0.0,0.0,0.0,0.0,0.0,0.0,0.0,0.0,0.0,0.0,0.0,0.0,0.0,0.0,0.0,0.0,0.0,0.0,0.0,0.0,0.0,0.0,0.0,0.0,0.0,0.0,0.0,0.0,0.0,0.0,0.0,0.0,0.0,0.0,0.0,0.0,0.0,0.0,0.0,0.0,0.0,0.0,0.0,0.0,0.0,0.0,0.0,0.0,0.0,0.0,0.0,0.0,0.0,0.0,0.0,0.0,0.0,0.0,0.0,0.0,0.0,B1,2025-12-14,Charleroi,St. Gilloise,0.0765338015044611,0.1780473102084737,0.745418888287065,0.4148369368840982,0.5851630631159018,0.9372457536209996,0.0627542463790003,0.7887190696195149,0.211280930380485,0.5492906570702475,0.4507093429297526,0.3258046299192491,0.6741953700807509,0.1649196463405807,0.8350803536594195,0.072264268208614,0.927735731791386,0.9234661984955388,92.34661984955387,0.8219526897915264,82.19526897915263,0.745418888287065,74.54188882870649,0.8655759755974698,86.55759755974698,0.8655759755974698,86.55759755974697,0.973565537552366,97.35655375523658,0.973565537552366,97.3565537552366
0.0,0.0,1.0,0.5363294100210209,0.4636705899789791,0.963636616009718,0.036363383990282,0.7571245776304352,0.2428754223695648,0.5228561946226133,0.4771438053773866,0.299794347495978,0.7002056525040219,0.1441177865212541,0.8558822134787458,0.0611826484535263,0.9388173515464736,0.0,0.0,0.0,0.0,0.0,0.0,0.0,0.0,0.0,0.0,0.0,0.0,0.0,0.0,0.0,0.0,0.0,0.0,0.0,0.0,0.0,0.0,0.0,0.0,0.0,0.0,0.0,0.0,0.0,0.0,0.0,0.0,0.0,0.0,0.0,0.0,0.0,0.0,0.0,0.0,0.0,0.0,0.0,0.0,0.0,0.0,0.0,0.0,0.0,0.0,0.0,0.0,0.0,0.0,0.0,0.0,0.0,0.0,0.0,0.0,0.0,0.0,0.0,0.0,0.0,0.0,0.0,0.0,0.0,0.0,0.0,0.0,0.0,0.0,0.0,0.0,0.0,0.0,0.0,0.0,0.0,0.0,0.0,0.0,0.0,0.0,0.0,0.0,0.0,B1,2025-12-14,Dender,Club Brugge,0.026128056334487,0.0896779315989892,0.8841940120665238,0.3602066222007035,0.6397933777992965,0.9699923026144414,0.0300076973855589,0.8800283822688124,0.1199716177311877,0.7015417008296637,0.2984582991703362,0.4899434453517319,0.5100565546482682,0.298214303258496,0.7017856967415042,0.1592337097000881,0.8407662902999121,0.973871943665513,97.3871943665513,0.9103220684010108,91.03220684010108,0.8841940120665238,88.41940120665237,0.8238772121796827,82.38772121796826,0.8238772121796827,82.38772121796826,0.8213144937929496,82.13144937929495,0.8213144937929495,82.13144937929495
0.0,0.0,1.0,0.5250131664759905,0.4749868335240095,0.9680404909055832,0.0319595090944169,0.7768150309115494,0.2231849690884506,0.56483506836141,0.43516493163859,0.3328968443294867,0.6671031556705134,0.1602031969572787,0.8397968030427212,0.0688815201302366,0.9311184798697634,0.0,0.0,0.0,0.0,0.0,0.0,0.0,0.0,0.0,0.0,0.0,0.0,0.0,0.0,0.0,0.0,0.0,0.0,0.0,0.0,0.0,0.0,0.0,0.0,0.0,0.0,0.0,0.0,0.0,0.0,0.0,0.0,0.0,0.0,0.0,0.0,0.0,0.0,0.0,0.0,0.0,0.0,0.0,0.0,0.0,0.0,0.0,0.0,0.0,0.0,0.0,0.0,0.0,0.0,0.0,0.0,0.0,0.0,0.0,0.0,0.0,0.0,0.0,0.0,0.0,0.0,0.0,0.0,0.0,0.0,0.0,0.0,0.0,0.0,0.0,0.0,0.0,0.0,0.0,0.0,0.0,0.0,0.0,0.0,0.0,0.0,0.0,0.0,0.0,D1,2025-12-14,Bayern Munich,Mainz,0.9481533455904008,0.0418903088913224,0.0099563455182768,0.3572124678203052,0.6427875321796948,0.9885196609192124,0.0114803390807877,0.9475405794313438,0.0524594205686562,0.8419097942820287,0.1580902057179714,0.6812691367183799,0.3187308632816202,0.4947674394451384,0.5052325605548617,0.321546619195355,0.6784533808046451,0.0518466544095992,5.184665440959924,0.9581096911086776,95.81096911086776,0.0099563455182767,0.9956345518276732,0.8321993013443147,83.21993013443146,0.8321993013443147,83.21993013443148,0.7229252740793812,72.29252740793812,0.7229252740793813,72.29252740793814
0.0,0.0,1.0,0.601160593879015,0.398839406120985,0.9680404909055832,0.0319595090944169,0.7768150309115494,0.2231849690884506,0.56483506836141,0.43516493163859,0.3328968443294867,0.6671031556705134,0.1602031969572787,0.8397968030427212,0.0688815201302366,0.9311184798697634,0.0,0.0,0.0,0.0,0.0,0.0,0.0,0.0,0.0,0.0,0.0,0.0,0.0,0.0,0.0,0.0,0.0,0.0,0.0,0.0,0.0,0.0,0.0,0.0,0.0,0.0,0.0,0.0,0.0,0.0,0.0,0.0,0.0,0.0,0.0,0.0,0.0,0.0,0.0,0.0,0.0,0.0,0.0,0.0,0.0,0.0,0.0,0.0,0.0,0.0,0.0,0.0,0.0,0.0,0.0,0.0,0.0,0.0,0.0,0.0,0.0,0.0,0.0,0.0,0.0,0.0,0.0,0.0,0.0,0.0,0.0,0.0,0.0,0.0,0.0,0.0,0.0,0.0,0.0,0.0,0.0,0.0,0.0,0.0,0.0,0.0,0.0,0.0,0.0,D1,2025-12-14,Freiburg,Dortmund,0.1638945128584245,0.2719225355610323,0.5641829515805432,0.4372571689099163,0.5627428310900837,0.8944275024779447,0.1055724975220551,0.6959569487659408,0.3040430512340591,0.4215142011136517,0.5784857988863482,0.2143044944823718,0.7856955055176281,0.0917141838046557,0.9082858161953442,0.0336922522402188,0.9663077477597812,0.8361054871415755,83.61054871415755,0.7280774644389677,72.80774644389678,0.5641829515805432,56.41829515805432,0.8360965750309013,83.60965750309013,0.8360965750309013,83.60965750309013,0.8566791327522417,85.66791327522417,0.8566791327522418,85.66791327522418
0.0,0.0,1.0,0.6009167774087247,0.3990832225912752,0.9680404909055832,0.0319595090944169,0.7768150309115494,0.2231849690884506,0.56483506836141,0.43516493163859,0.3328968443294867,0.6671031556705134,0.1602031969572787,0.8397968030427212,0.0688815201302366,0.9311184798697634,0.0,0.0,0.0,0.0,0.0,0.0,0.0,0.0,0.0,0.0,0.0,0.0,0.0,0.0,0.0,0.0,0.0,0.0,0.0,0.0,0.0,0.0,0.0,0.0,0.0,0.0,0.0,0.0,0.0,0.0,0.0,0.0,0.0,0.0,0.0,0.0,0.0,0.0,0.0,0.0,0.0,0.0,0.0,0.0,0.0,0.0,0.0,0.0,0.0,0.0,0.0,0.0,0.0,0.0,0.0,0.0,0.0,0.0,0.0,0.0,0.0,0.0,0.0,0.0,0.0,0.0,0.0,0.0,0.0,0.0,0.0,0.0,0.0,0.0,0.0,0.0,0.0,0.0,0.0,0.0,0.0,0.0,0.0,0.0,0.0,0.0,0.0,0.0,0.0,D1,2025-12-14,Werder Bremen,Stuttgart,0.1723951618872677,0.2187735693340244,0.6088312687787079,0.5959505537770889,0.404049446222911,0.9517772369738816,0.0482227630261184,0.8443544040630008,0.1556455959369992,0.6300559305334419,0.3699440694665582,0.4081835274115665,0.5918164725884335,0.2280143420476367,0.7719856579523635,0.1109707263551661,0.889029273644834,0.8276048381127323,82.76048381127323,0.7812264306659756,78.12264306659756,0.6088312687787079,60.88312687787079,0.9950337763683642,99.5033776368364,0.9950337763683644,99.50337763683642,0.934779137827968,93.4779137827968,0.9347791378279682,93.47791378279682
0.0,0.0,1.0,0.5397640567546467,0.4602359432453533,0.964894871960474,0.035105128039526,0.7629626474194139,0.2370373525805861,0.5390759900416412,0.4609240099583588,0.3081969389309243,0.6918030610690756,0.148074765090995,0.851925234909005,0.0630357044907569,0.9369642955092432,0.0,0.0,0.0,0.0,0.0,0.0,0.0,0.0,0.0,0.0,0.0,0.0,0.0,0.0,0.0,0.0,0.0,0.0,0.0,0.0,0.0,0.0,0.0,0.0,0.0,0.0,0.0,0.0,0.0,0.0,0.0,0.0,0.0,0.0,0.0,0.0,0.0,0.0,0.0,0.0,0.0,0.0,0.0,0.0,0.0,0.0,0.0,0.0,0.0,0.0,0.0,0.0,0.0,0.0,0.0,0.0,0.0,0.0,0.0,0.0,0.0,0.0,0.0,0.0,0.0,0.0,0.0,0.0,0.0,0.0,0.0,0.0,0.0,0.0,0.0,0.0,0.0,0.0,0.0,0.0,0.0,0.0,0.0,0.0,0.0,0.0,0.0,0.0,0.0,D2,2025-12-14,Elversberg,Fortuna Dusseldorf,0.7152182800126095,0.1855377081999514,0.0992440117874392,0.4321322645379788,0.5678677354620212,0.9382018256198442,0.0617981743801559,0.7746822176371844,0.2253177823628157,0.5354923448549735,0.4645076551450265,0.3126958799146813,0.6873041200853188,0.1555791467704901,0.8444208532295098,0.0669397948291798,0.9330602051708202,0.2847817199873905,28.47817199873905,0.8144622918000486,81.44622918000486,0.0992440117874391,9.924401178743912,0.8923682077833321,89.23682077833321,0.8923682077833321,89.23682077833321,0.9964163548133324,99.64163548133322,0.9964163548133322,99.64163548133322
0.0,0.0,1.0,0.549645927714787,0.4503540722852129,0.964894871960474,0.035105128039526,0.7629626474194139,0.2370373525805861,0.5390759900416412,0.4609240099583588,0.3081969389309243,0.6918030610690756,0.148074765090995,0.851925234909005,0.0630357044907569,0.9369642955092432,0.0,0.0,0.0,0.0,0.0,0.0,0.0,0.0,0.0,0.0,0.0,0.0,0.0,0.0,0.0,0.0,0.0,0.0,0.0,0.0,0.0,0.0,0.0,0.0,0.0,0.0,0.0,0.0,0.0,0.0,0.0,0.0,0.0,0.0,0.0,0.0,0.0,0.0,0.0,0.0,0.0,0.0,0.0,0.0,0.0,0.0,0.0,0.0,0.0,0.0,0.0,0.0,0.0,0.0,0.0,0.0,0.0,0.0,0.0,0.0,0.0,0.0,0.0,0.0,0.0,0.0,0.0,0.0,0.0,0.0,0.0,0.0,0.0,0.0,0.0,0.0,0.0,0.0,0.0,0.0,0.0,0.0,0.0,0.0,0.0,0.0,0.0,0.0,0.0,D2,2025-12-14,Schalke 04,Nurnberg,0.5241648516726254,0.2691846183823435,0.206650529945031,0.4411368216274711,0.5588631783725289,0.898931245378886,0.101068754621114,0.6778265222476241,0.3221734777523759,0.410312503903099,0.589687496096901,0.2055476791380507,0.7944523208619492,0.0865798808108551,0.9134201191891448,0.0312839106946591,0.9687160893053408,0.4758351483273746,47.58351483273746,0.7308153816176566,73.08153816176566,0.2066505299450309,20.665052994503096,0.891490893912684,89.1490893912684,0.8914908939126841,89.1490893912684,0.8712365138614577,87.12365138614577,0.8712365138614578,87.12365138614577
0.0,0.0,1.0,0.539440575467302,0.460559424532698,0.964894871960474,0.035105128039526,0.7629626474194139,0.2370373525805861,0.5390759900416412,0.4609240099583588,0.3081969389309243,0.6918030610690756,0.148074765090995,0.851925234909005,0.0630357044907569,0.9369642955092432,0.0,0.0,0.0,0.0,0.0,0.0,0.0,0.0,0.0,0.0,0.0,0.0,0.0,0.0,0.0,0.0,0.0,0.0,0.0,0.0,0.0,0.0,0.0,0.0,0.0,0.0,0.0,0.0,0.0,0.0,0.0,0.0,0.0,0.0,0.0,0.0,0.0,0.0,0.0,0.0,0.0,0.0,0.0,0.0,0.0,0.0,0.0,0.0,0.0,0.0,0.0,0.0,0.0,0.0,0.0,0.0,0.0,0.0,0.0,0.0,0.0,0.0,0.0,0.0,0.0,0.0,0.0,0.0,0.0,0.0,0.0,0.0,0.0,0.0,0.0,0.0,0.0,0.0,0.0,0.0,0.0,0.0,0.0,0.0,0.0,0.0,0.0,0.0,0.0,D2,2025-12-14,Darmstadt,Preußen Münster,,,,,,,,,,,,,,,,,,,,,,,,,,,,,,,
0.0,0.0,1.0,0.5221607459359681,0.4778392540640319,0.9624857418950046,0.0375142581049954,0.7544091075583131,0.2455908924416868,0.5217291752074167,0.4782708247925833,0.2982536313913732,0.7017463686086268,0.1421216013977586,0.8578783986022414,0.0596744953164606,0.9403255046835391,0.0,0.0,0.0,0.0,0.0,0.0,0.0,0.0,0.0,0.0,0.0,0.0,0.0,0.0,0.0,0.0,0.0,0.0,0.0,0.0,0.0,0.0,0.0,0.0,0.0,0.0,0.0,0.0,0.0,0.0,0.0,0.0,0.0,0.0,0.0,0.0,0.0,0.0,0.0,0.0,0.0,0.0,0.0,0.0,0.0,0.0,0.0,0.0,0.0,0.0,0.0,0.0,0.0,0.0,0.0,0.0,0.0,0.0,0.0,0.0,0.0,0.0,0.0,0.0,0.0,0.0,0.0,0.0,0.0,0.0,0.0,0.0,0.0,0.0,0.0,0.0,0.0,0.0,0.0,0.0,0.0,0.0,0.0,0.0,0.0,0.0,0.0,0.0,0.0,E0,2025-12-14,Crystal Palace,Man City,0.1457655375830752,0.2489044305462054,0.6053300318707192,0.3878541511568904,0.6121458488431095,0.8950145116210478,0.104985488378952,0.6659542944707215,0.3340457055292785,0.3976574062915162,0.6023425937084836,0.1958450029171603,0.8041549970828396,0.0810003887637869,0.9189996112362128,0.0287170397544736,0.9712829602455264,0.8542344624169248,85.42344624169247,0.7510955694537946,75.10955694537947,0.6053300318707192,60.53300318707191,0.8656934052209224,86.56934052209223,0.8656934052209224,86.56934052209225,0.8759282310840995,87.59282310840995,0.8759282310840997,87.59282310840997
0.0,0.0,1.0,0.5422019848000321,0.4577980151999679,0.9624857418950046,0.0375142581049954,0.7544091075583131,0.2455908924416868,0.5217291752074167,0.4782708247925833,0.2982536313913732,0.7017463686086268,0.1421216013977586,0.8578783986022414,0.0596744953164606,0.9403255046835391,0.0,0.0,0.0,0.0,0.0,0.0,0.0,0.0,0.0,0.0,0.0,0.0,0.0,0.0,0.0,0.0,0.0,0.0,0.0,0.0,0.0,0.0,0.0,0.0,0.0,0.0,0.0,0.0,0.0,0.0,0.0,0.0,0.0,0.0,0.0,0.0,0.0,0.0,0.0,0.0,0.0,0.0,0.0,0.0,0.0,0.0,0.0,0.0,0.0,0.0,0.0,0.0,0.0,0.0,0.0,0.0,0.0,0.0,0.0,0.0,0.0,0.0,0.0,0.0,0.0,0.0,0.0,0.0,0.0,0.0,0.0,0.0,0.0,0.0,0.0,0.0,0.0,0.0,0.0,0.0,0.0,0.0,0.0,0.0,0.0,0.0,0.0,0.0,0.0,E0,2025-12-14,Nott'm Forest,Tottenham,0.125638425465416,0.1915332513337016,0.6828283232008823,0.4963424887969933,0.5036575112030067,0.9478488577562286,0.0521511422437714,0.8013488861387157,0.1986511138612843,0.5747136565966757,0.4252863434033244,0.3506749963837226,0.6493250036162774,0.1831691900254295,0.8168308099745705,0.0829786420652797,0.9170213579347204,0.874361574534584,87.43615745345839,0.8084667486662984,80.84667486662984,0.6828283232008823,68.28283232008823,0.9541405039969612,95.41405039969612,0.9541405039969612,95.41405039969612,0.947015518610741,94.7015518610741,0.9470155186107412,94.70155186107412
0.0,0.0,1.0,0.5441502832030434,0.4558497167969566,0.9624857418950046,0.0375142581049954,0.7544091075583131,0.2455908924416868,0.5217291752074167,0.4782708247925833,0.2982536313913732,0.7017463686086268,0.1421216013977586,0.8578783986022414,0.0596744953164606,0.9403255046835391,0.0,0.0,0.0,0.0,0.0,0.0,0.0,0.0,0.0,0.0,0.0,0.0,0.0,0.0,0.0,0.0,0.0,0.0,0.0,0.0,0.0,0.0,0.0,0.0,0.0,0.0,0.0,0.0,0.0,0.0,0.0,0.0,0.0,0.0,0.0,0.0,0.0,0.0,0.0,0.0,0.0,0.0,0.0,0.0,0.0,0.0,0.0,0.0,0.0,0.0,0.0,0.0,0.0,0.0,0.0,0.0,0.0,0.0,0.0,0.0,0.0,0.0,0.0,0.0,0.0,0.0,0.0,0.0,0.0,0.0,0.0,0.0,0.0,0.0,0.0,0.0,0.0,0.0,0.0,0.0,0.0,0.0,0.0,0.0,0.0,0.0,0.0,0.0,0.0,E0,2025-12-14,Sunderland,Newcastle,0.4043861892696831,0.3722685555156375,0.2233452552146794,0.2582458807688798,0.7417541192311201,0.7640522463029372,0.2359477536970628,0.4294582616842062,0.5705417383157938,0.1799055696368981,0.8200944303631019,0.0601030845269845,0.9398969154730156,0.0165296991856553,0.9834703008143446,0.0038512315671444,0.996148768432856,0.5956138107303168,59.56138107303168,0.6277314444843625,62.77314444843625,0.2233452552146794,22.33452552146793,0.7140955975658364,71.40955975658365,0.7140955975658365,71.40955975658365,0.6581763944294814,65.81763944294813,0.6581763944294814,65.81763944294813
0.0,0.0,1.0,0.5587821339238812,0.4412178660761188,0.9624857418950046,0.0375142581049954,0.7544091075583131,0.2455908924416868,0.5217291752074167,0.4782708247925833,0.2982536313913732,0.7017463686086268,0.1421216013977586,0.8578783986022414,0.0596744953164606,0.9403255046835391,0.0,0.0,0.0,0.0,0.0,0.0,0.0,0.0,0.0,0.0,0.0,0.0,0.0,0.0,0.0,0.0,0.0,0.0,0.0,0.0,0.0,0.0,0.0,0.0,0.0,0.0,0.0,0.0,0.0,0.0,0.0,0.0,0.0,0.0,0.0,0.0,0.0,0.0,0.0,0.0,0.0,0.0,0.0,0.0,0.0,0.0,0.0,0.0,0.0,0.0,0.0,0.0,0.0,0.0,0.0,0.0,0.0,0.0,0.0,0.0,0.0,0.0,0.0,0.0,0.0,0.0,0.0,0.0,0.0,0.0,0.0,0.0,0.0,0.0,0.0,0.0,0.0,0.0,0.0,0.0,0.0,0.0,0.0,0.0,0.0,0.0,0.0,0.0,0.0,E0,2025-12-14,West Ham,Aston Villa,0.1508290048550911,0.2331003623828248,0.616070632762084,0.4373496758743941,0.5626503241256059,0.916532789513724,0.0834672104862758,0.7171964213702909,0.2828035786297089,0.4589729403149652,0.5410270596850347,0.2447506118088318,0.7552493881911682,0.1102793387942767,0.8897206612057231,0.0427512771127428,0.957248722887257,0.8491709951449089,84.91709951449089,0.7668996376171752,76.68996376171752,0.616070632762084,61.60706327620839,0.8785675419505129,87.8567541950513,0.8785675419505129,87.85675419505128,0.9372437651075484,93.72437651075484,0.9372437651075486,93.72437651075484
0.0,0.0,1.0,0.5666949071132767,0.4333050928867232,0.9624857418950046,0.0375142581049954,0.7544091075583131,0.2455908924416868,0.5217291752074167,0.4782708247925833,0.2982536313913732,0.7017463686086268,0.1421216013977586,0.8578783986022414,0.0596744953164606,0.9403255046835391,0.0,0.0,0.0,0.0,0.0,0.0,0.0,0.0,0.0,0.0,0.0,0.0,0.0,0.0,0.0,0.0,0.0,0.0,0.0,0.0,0.0,0.0,0.0,0.0,0.0,0.0,0.0,0.0,0.0,0.0,0.0,0.0,0.0,0.0,0.0,0.0,0.0,0.0,0.0,0.0,0.0,0.0,0.0,0.0,0.0,0.0,0.0,0.0,0.0,0.0,0.0,0.0,0.0,0.0,0.0,0.0,0.0,0.0,0.0,0.0,0.0,0.0,0.0,0.0,0.0,0.0,0.0,0.0,0.0,0.0,0.0,0.0,0.0,0.0,0.0,0.0,0.0,0.0,0.0,0.0,0.0,0.0,0.0,0.0,0.0,0.0,0.0,0.0,0.0,E0,2025-12-14,Brentford,Leeds,0.7574701296314468,0.1544390732965257,0.0880907970720274,0.4881419437670363,0.5118580562329638,0.9608342805312196,0.0391657194687802,0.8404250682675029,0.1595749317324969,0.6364610914485895,0.3635389085514103,0.4151516126672961,0.5848483873327037,0.233699453905805,0.766300546094195,0.1146810147480569,0.8853189852519431,0.2425298703685532,24.252987036855323,0.8455609267034743,84.55609267034743,0.0880907970720273,8.809079707202727,0.9214470366537596,92.14470366537594,0.9214470366537596,92.14470366537594,0.8852680837588272,88.52680837588271,0.8852680837588269,88.5268083758827
0.0,0.0,1.0,0.5351184257442844,0.4648815742557156,0.9588236684225796,0.0411763315774205,0.7402157526419116,0.2597842473580883,0.4960252115747372,0.5039747884252628,0.2784953501827907,0.7215046498172093,0.1331491245400694,0.8668508754599306,0.055802179595199,0.9441978204048008,0.0,0.0,0.0,0.0,0.0,0.0,0.0,0.0,0.0,0.0,0.0,0.0,0.0,0.0,0.0,0.0,0.0,0.0,0.0,0.0,0.0,0.0,0.0,0.0,0.0,0.0,0.0,0.0,0.0,0.0,0.0,0.0,0.0,0.0,0.0,0.0,0.0,0.0,0.0,0.0,0.0,0.0,0.0,0.0,0.0,0.0,0.0,0.0,0.0,0.0,0.0,0.0,0.0,0.0,0.0,0.0,0.0,0.0,0.0,0.0,0.0,0.0,0.0,0.0,0.0,0.0,0.0,0.0,0.0,0.0,0.0,0.0,0.0,0.0,0.0,0.0,0.0,0.0,0.0,0.0,0.0,0.0,0.0,0.0,0.0,0.0,0.0,0.0,0.0,F1,2025-12-14,Lyon,Le Havre,0.634343022419442,0.214677657701891,0.1509793198786669,0.4685690077573529,0.531430992242647,0.93322347639492,0.06677652360508,0.7519278204951054,0.2480721795048944,0.507378538657192,0.4926214613428079,0.2868112037563086,0.7131887962436912,0.1377023356511239,0.862297664348876,0.0570613665516862,0.9429386334483136,0.365656977580558,36.565697758055805,0.785322342298109,78.53223422981091,0.1509793198786668,15.097931987866689,0.9334505820130684,93.34505820130686,0.9334505820130686,93.34505820130688,0.9886466729175452,98.86466729175451,0.9886466729175452,98.8646672917545
0.0,0.0,1.0,0.4965606448559713,0.5034393551440287,0.9588236684225796,0.0411763315774205,0.7402157526419116,0.2597842473580883,0.4960252115747372,0.5039747884252628,0.2784953501827907,0.7215046498172093,0.1331491245400694,0.8668508754599306,0.055802179595199,0.9441978204048008,0.0,0.0,0.0,0.0,0.0,0.0,0.0,0.0,0.0,0.0,0.0,0.0,0.0,0.0,0.0,0.0,0.0,0.0,0.0,0.0,0.0,0.0,0.0,0.0,0.0,0.0,0.0,0.0,0.0,0.0,0.0,0.0,0.0,0.0,0.0,0.0,0.0,0.0,0.0,0.0,0.0,0.0,0.0,0.0,0.0,0.0,0.0,0.0,0.0,0.0,0.0,0.0,0.0,0.0,0.0,0.0,0.0,0.0,0.0,0.0,0.0,0.0,0.0,0.0,0.0,0.0,0.0,0.0,0.0,0.0,0.0,0.0,0.0,0.0,0.0,0.0,0.0,0.0,0.0,0.0,0.0,0.0,0.0,0.0,0.0,0.0,0.0,0.0,0.0,F1,2025-12-14,Auxerre,Lille,0.0778968813814994,0.1664912682772486,0.755611850341252,0.3786055860584637,0.6213944139415363,0.9373830783448426,0.0626169216551573,0.7634504939025675,0.2365495060974327,0.5230911534380193,0.4769088465619808,0.3011429943632092,0.698857005636791,0.1475069267749911,0.852493073225009,0.0624274510546613,0.9375725489453388,0.9221031186185006,92.21031186185006,0.8335087317227514,83.35087317227514,0.755611850341252,75.56118503412519,0.8820449412024924,88.20449412024924,0.8820449412024924,88.20449412024925,0.972934058136718,97.29340581367178,0.972934058136718,97.2934058136718
0.0,0.0,1.0,0.4974962102655092,0.5025037897344908,0.9588236684225796,0.0411763315774205,0.7402157526419116,0.2597842473580883,0.4960252115747372,0.5039747884252628,0.2784953501827907,0.7215046498172093,0.1331491245400694,0.8668508754599306,0.055802179595199,0.9441978204048008,0.0,0.0,0.0,0.0,0.0,0.0,0.0,0.0,0.0,0.0,0.0,0.0,0.0,0.0,0.0,0.0,0.0,0.0,0.0,0.0,0.0,0.0,0.0,0.0,0.0,0.0,0.0,0.0,0.0,0.0,0.0,0.0,0.0,0.0,0.0,0.0,0.0,0.0,0.0,0.0,0.0,0.0,0.0,0.0,0.0,0.0,0.0,0.0,0.0,0.0,0.0,0.0,0.0,0.0,0.0,0.0,0.0,0.0,0.0,0.0,0.0,0.0,0.0,0.0,0.0,0.0,0.0,0.0,0.0,0.0,0.0,0.0,0.0,0.0,0.0,0.0,0.0,0.0,0.0,0.0,0.0,0.0,0.0,0.0,0.0,0.0,0.0,0.0,0.0,F1,2025-12-14,Lens,Nice,0.5621724060367487,0.2425620385851269,0.1952655553781244,0.470950542306343,0.5290494576936571,0.9209507760423964,0.0790492239576036,0.719734886537782,0.280265113462218,0.465258045204045,0.5347419547959551,0.2500367521623,0.7499632478377002,0.1136138355011192,0.886386164498881,0.0444340181055101,0.95556598189449,0.4378275939632513,43.78275939632513,0.7574379614148731,75.74379614148731,0.1952655553781244,19.52655553781244,0.9734543320408338,97.34543320408338,0.9734543320408338,97.34543320408338,0.9692328336293078,96.92328336293076,0.9692328336293076,96.92328336293076
0.0,0.0,1.0,0.5022243402654867,0.4977756597345133,0.9588236684225796,0.0411763315774205,0.7402157526419116,0.2597842473580883,0.4960252115747372,0.5039747884252628,0.2784953501827907,0.7215046498172093,0.1331491245400694,0.8668508754599306,0.055802179595199,0.9441978204048008,0.0,0.0,0.0,0.0,0.0,0.0,0.0,0.0,0.0,0.0,0.0,0.0,0.0,0.0,0.0,0.0,0.0,0.0,0.0,0.0,0.0,0.0,0.0,0.0,0.0,0.0,0.0,0.0,0.0,0.0,0.0,0.0,0.0,0.0,0.0,0.0,0.0,0.0,0.0,0.0,0.0,0.0,0.0,0.0,0.0,0.0,0.0,0.0,0.0,0.0,0.0,0.0,0.0,0.0,0.0,0.0,0.0,0.0,0.0,0.0,0.0,0.0,0.0,0.0,0.0,0.0,0.0,0.0,0.0,0.0,0.0,0.0,0.0,0.0,0.0,0.0,0.0,0.0,0.0,0.0,0.0,0.0,0.0,0.0,0.0,0.0,0.0,0.0,0.0,F1,2025-12-14,Strasbourg,Lorient,0.9144944286522984,0.0564298240308694,0.0290757473168322,0.5588835301923402,0.4411164698076598,0.9940068322892092,0.0059931677107908,0.9631366225354902,0.0368633774645098,0.8844282263313603,0.1155717736686397,0.7502478427681144,0.2497521572318856,0.5787579848792258,0.4212420151207743,0.4034192620180594,0.5965807379819406,0.0855055713477016,8.550557134770164,0.9435701759691306,94.35701759691308,0.0290757473168321,2.907574731683216,0.9433408100731464,94.33408100731464,0.9433408100731464,94.33408100731464,0.6115969852433769,61.15969852433769,0.6115969852433769,61.15969852433769
0.0,0.0,1.0,0.4961283793408742,0.5038716206591258,0.9588236684225796,0.0411763315774205,0.7402157526419116,0.2597842473580883,0.4960252115747372,0.5039747884252628,0.2784953501827907,0.7215046498172093,0.1331491245400694,0.8668508754599306,0.055802179595199,0.9441978204048008,0.0,0.0,0.0,0.0,0.0,0.0,0.0,0.0,0.0,0.0,0.0,0.0,0.0,0.0,0.0,0.0,0.0,0.0,0.0,0.0,0.0,0.0,0.0,0.0,0.0,0.0,0.0,0.0,0.0,0.0,0.0,0.0,0.0,0.0,0.0,0.0,0.0,0.0,0.0,0.0,0.0,0.0,0.0,0.0,0.0,0.0,0.0,0.0,0.0,0.0,0.0,0.0,0.0,0.0,0.0,0.0,0.0,0.0,0.0,0.0,0.0,0.0,0.0,0.0,0.0,0.0,0.0,0.0,0.0,0.0,0.0,0.0,0.0,0.0,0.0,0.0,0.0,0.0,0.0,0.0,0.0,0.0,0.0,0.0,0.0,0.0,0.0,0.0,0.0,F1,2025-12-14,Marseille,Monaco,0.7877179475655808,0.1117709640937997,0.1005110883406193,0.741617543530677,0.258382456469323,0.9942338968093865,0.0057661031906135,0.964217264552326,0.0357827354476739,0.8872439829274734,0.1127560170725265,0.7550820228231517,0.2449179771768483,0.5849951183882988,0.4150048816117012,0.409879343547216,0.5901206564527841,0.2122820524344192,21.228205243441923,0.8882290359062003,88.82290359062003,0.1005110883406192,10.051108834061928,0.7545108358101973,75.45108358101972,0.7545108358101972,75.45108358101972,0.6087812286472638,60.87812286472638,0.6087812286472638,60.87812286472637
0.0,0.0,1.0,0.4992051588548514,0.5007948411451486,0.9576226686357558,0.0423773313642441,0.73512091970248,0.26487908029752,0.481246174840738,0.518753825159262,0.2681738467705279,0.7318261532294721,0.129793682906409,0.870206317093591,0.0547750355674284,0.9452249644325716,0.0,0.0,0.0,0.0,0.0,0.0,0.0,0.0,0.0,0.0,0.0,0.0,0.0,0.0,0.0,0.0,0.0,0.0,0.0,0.0,0.0,0.0,0.0,0.0,0.0,0.0,0.0,0.0,0.0,0.0,0.0,0.0,0.0,0.0,0.0,0.0,0.0,0.0,0.0,0.0,0.0,0.0,0.0,0.0,0.0,0.0,0.0,0.0,0.0,0.0,0.0,0.0,0.0,0.0,0.0,0.0,0.0,0.0,0.0,0.0,0.0,0.0,0.0,0.0,0.0,0.0,0.0,0.0,0.0,0.0,0.0,0.0,0.0,0.0,0.0,0.0,0.0,0.0,0.0,0.0,0.0,0.0,0.0,0.0,0.0,0.0,0.0,0.0,0.0,G1,2025-12-14,Aris,Olympiakos,0.0815917935699984,0.2305869412015097,0.6878212652284919,0.2889540510467572,0.7110459489532428,0.8772023185080638,0.1227976814919361,0.6347598388505645,0.3652401611494354,0.3604678330578663,0.6395321669421337,0.1684895630055231,0.8315104369944768,0.065904079648984,0.934095920351016,0.0220500272393006,0.9779499727606992,0.9184082064300017,91.84082064300016,0.7694130587984903,76.94130587984903,0.6878212652284919,68.78212652284918,0.7897488921919058,78.97488921919059,0.7897488921919058,78.97488921919059,0.8792216582171283,87.92216582171282,0.8792216582171284,87.92216582171284
0.0,0.0,1.0,0.5464521864083617,0.4535478135916383,0.9576226686357558,0.0423773313642441,0.73512091970248,0.26487908029752,0.481246174840738,0.518753825159262,0.2681738467705279,0.7318261532294721,0.129793682906409,0.870206317093591,0.0547750355674284,0.9452249644325716,0.0,0.0,0.0,0.0,0.0,0.0,0.0,0.0,0.0,0.0,0.0,0.0,0.0,0.0,0.0,0.0,0.0,0.0,0.0,0.0,0.0,0.0,0.0,0.0,0.0,0.0,0.0,0.0,0.0,0.0,0.0,0.0,0.0,0.0,0.0,0.0,0.0,0.0,0.0,0.0,0.0,0.0,0.0,0.0,0.0,0.0,0.0,0.0,0.0,0.0,0.0,0.0,0.0,0.0,0.0,0.0,0.0,0.0,0.0,0.0,0.0,0.0,0.0,0.0,0.0,0.0,0.0,0.0,0.0,0.0,0.0,0.0,0.0,0.0,0.0,0.0,0.0,0.0,0.0,0.0,0.0,0.0,0.0,0.0,0.0,0.0,0.0,0.0,0.0,G1,2025-12-14,Panathinaikos,Volos NFC,0.7512020827927092,0.1786967381791553,0.0701011790281356,0.3585445924993459,0.641455407500654,0.9261919758047498,0.0738080241952502,0.7495245874109253,0.2504754125890748,0.4981484835629597,0.5018515164370404,0.2785492894955981,0.7214507105044019,0.1321556829133352,0.8678443170866648,0.0540822158801604,0.9459177841198396,0.2487979172072908,24.879791720729084,0.8213032618208447,82.13032618208447,0.0701011790281356,7.010117902813562,0.8120924060909842,81.20924060909842,0.8120924060909843,81.20924060909842,0.9830976912777782,98.30976912777784,0.9830976912777784,98.30976912777784
0.0,0.0,1.0,0.5688768161625782,0.4311231838374217,0.9576226686357558,0.0423773313642441,0.73512091970248,0.26487908029752,0.481246174840738,0.518753825159262,0.2681738467705279,0.7318261532294721,0.129793682906409,0.870206317093591,0.0547750355674284,0.9452249644325716,0.0,0.0,0.0,0.0,0.0,0.0,0.0,0.0,0.0,0.0,0.0,0.0,0.0,0.0,0.0,0.0,0.0,0.0,0.0,0.0,0.0,0.0,0.0,0.0,0.0,0.0,0.0,0.0,0.0,0.0,0.0,0.0,0.0,0.0,0.0,0.0,0.0,0.0,0.0,0.0,0.0,0.0,0.0,0.0,0.0,0.0,0.0,0.0,0.0,0.0,0.0,0.0,0.0,0.0,0.0,0.0,0.0,0.0,0.0,0.0,0.0,0.0,0.0,0.0,0.0,0.0,0.0,0.0,0.0,0.0,0.0,0.0,0.0,0.0,0.0,0.0,0.0,0.0,0.0,0.0,0.0,0.0,0.0,0.0,0.0,0.0,0.0,0.0,0.0,G1,2025-12-14,Panetolikos,AEK,0.0950504123450703,0.2604265401690384,0.6445230474858912,0.2761685633000345,0.7238314366999655,0.8529153846841907,0.1470846153158093,0.586211629378873,0.413788370621127,0.3105086823332632,0.6894913176667369,0.1344343976354975,0.8655656023645023,0.0484817081514868,0.951518291848513,0.014914672091832,0.9850853279081678,0.9049495876549296,90.49495876549295,0.7395734598309616,73.95734598309616,0.6445230474858912,64.45230474858911,0.7072917471374562,70.72917471374562,0.7072917471374562,70.72917471374562,0.8292625074925252,82.92625074925252,0.8292625074925252,82.9262507492525
0.0,0.0,1.0,0.48739504487523,0.51260495512477,0.9576226686357558,0.0423773313642441,0.73512091970248,0.26487908029752,0.481246174840738,0.518753825159262,0.2681738467705279,0.7318261532294721,0.129793682906409,0.870206317093591,0.0547750355674284,0.9452249644325716,0.0,0.0,0.0,0.0,0.0,0.0,0.0,0.0,0.0,0.0,0.0,0.0,0.0,0.0,0.0,0.0,0.0,0.0,0.0,0.0,0.0,0.0,0.0,0.0,0.0,0.0,0.0,0.0,0.0,0.0,0.0,0.0,0.0,0.0,0.0,0.0,0.0,0.0,0.0,0.0,0.0,0.0,0.0,0.0,0.0,0.0,0.0,0.0,0.0,0.0,0.0,0.0,0.0,0.0,0.0,0.0,0.0,0.0,0.0,0.0,0.0,0.0,0.0,0.0,0.0,0.0,0.0,0.0,0.0,0.0,0.0,0.0,0.0,0.0,0.0,0.0,0.0,0.0,0.0,0.0,0.0,0.0,0.0,0.0,0.0,0.0,0.0,0.0,0.0,G1,2025-12-14,Atromitos,PAOK,0.071736484175388,0.1690170908730949,0.759246424951517,0.3934949122892059,0.606505087710794,0.9381324730967712,0.0618675269032288,0.7820614371090965,0.2179385628909035,0.5431589509824583,0.4568410490175417,0.3199459333347155,0.6800540666652843,0.1607212254292378,0.839278774570762,0.069857321971442,0.930142678028558,0.928263515824612,92.8263515824612,0.8309829091269051,83.09829091269052,0.759246424951517,75.9246424951517,0.906099867413976,90.6099867413976,0.906099867413976,90.6099867413976,0.9380872238582798,93.80872238582796,0.9380872238582796,93.80872238582796
0.0,0.0,1.0,0.5397711574098788,0.4602288425901212,0.961679221976642,0.0383207780233578,0.7482967112202905,0.2517032887797095,0.5010553499950016,0.4989446500049984,0.2834614784014519,0.716538521598548,0.1363873727675024,0.8636126272324975,0.0587101671066935,0.9412898328933064,0.0,0.0,0.0,0.0,0.0,0.0,0.0,0.0,0.0,0.0,0.0,0.0,0.0,0.0,0.0,0.0,0.0,0.0,0.0,0.0,0.0,0.0,0.0,0.0,0.0,0.0,0.0,0.0,0.0,0.0,0.0,0.0,0.0,0.0,0.0,0.0,0.0,0.0,0.0,0.0,0.0,0.0,0.0,0.0,0.0,0.0,0.0,0.0,0.0,0.0,0.0,0.0,0.0,0.0,0.0,0.0,0.0,0.0,0.0,0.0,0.0,0.0,0.0,0.0,0.0,0.0,0.0,0.0,0.0,0.0,0.0,0.0,0.0,0.0,0.0,0.0,0.0,0.0,0.0,0.0,0.0,0.0,0.0,0.0,0.0,0.0,0.0,0.0,0.0,I1,2025-12-14,Genoa,Inter,0.0273670387495249,0.0882371829934417,0.8843957782570335,0.3944537656766866,0.6055462343233133,0.9737280436660244,0.0262719563339757,0.8958400226296337,0.1041599773703662,0.7300764372677674,0.2699235627322325,0.525210314784105,0.4747896852158951,0.3309093012649713,0.6690906987350289,0.1834846967598582,0.8165153032401419,0.972632961250475,97.2632961250475,0.9117628170065584,91.17628170065582,0.8843957782570335,88.43957782570335,0.8546826082668078,85.46826082668078,0.8546826082668079,85.46826082668078,0.7709789127272342,77.09789127272342,0.7709789127272341,77.0978912727234
0.0,0.0,1.0,0.5360730837686529,0.4639269162313471,0.961679221976642,0.0383207780233578,0.7482967112202905,0.2517032887797095,0.5010553499950016,0.4989446500049984,0.2834614784014519,0.716538521598548,0.1363873727675024,0.8636126272324975,0.0587101671066935,0.9412898328933064,0.0,0.0,0.0,0.0,0.0,0.0,0.0,0.0,0.0,0.0,0.0,0.0,0.0,0.0,0.0,0.0,0.0,0.0,0.0,0.0,0.0,0.0,0.0,0.0,0.0,0.0,0.0,0.0,0.0,0.0,0.0,0.0,0.0,0.0,0.0,0.0,0.0,0.0,0.0,0.0,0.0,0.0,0.0,0.0,0.0,0.0,0.0,0.0,0.0,0.0,0.0,0.0,0.0,0.0,0.0,0.0,0.0,0.0,0.0,0.0,0.0,0.0,0.0,0.0,0.0,0.0,0.0,0.0,0.0,0.0,0.0,0.0,0.0,0.0,0.0,0.0,0.0,0.0,0.0,0.0,0.0,0.0,0.0,0.0,0.0,0.0,0.0,0.0,0.0,I1,2025-12-14,Bologna,Juventus,0.4445235777009699,0.3222820670147299,0.2331943552843001,0.4042847888025999,0.5957152111974001,0.856105716660052,0.1438942833399479,0.6150766507620831,0.3849233492379169,0.3317590966494674,0.6682409033505324,0.1485440320034181,0.8514559679965819,0.0555088996255681,0.9444911003744318,0.0177149076379088,0.9822850923620912,0.55547642229903,55.547642229903005,0.67771793298527,67.771793298527,0.2331943552843001,23.31943552843001,0.868211705033947,86.8211705033947,0.868211705033947,86.82117050339468,0.8307037466544658,83.07037466544658,0.830703746654466,83.0703746654466
0.0,0.0,1.0,0.5130843448118444,0.4869156551881556,0.961679221976642,0.0383207780233578,0.7482967112202905,0.2517032887797095,0.5010553499950016,0.4989446500049984,0.2834614784014519,0.716538521598548,0.1363873727675024,0.8636126272324975,0.0587101671066935,0.9412898328933064,0.0,0.0,0.0,0.0,0.0,0.0,0.0,0.0,0.0,0.0,0.0,0.0,0.0,0.0,0.0,0.0,0.0,0.0,0.0,0.0,0.0,0.0,0.0,0.0,0.0,0.0,0.0,0.0,0.0,0.0,0.0,0.0,0.0,0.0,0.0,0.0,0.0,0.0,0.0,0.0,0.0,0.0,0.0,0.0,0.0,0.0,0.0,0.0,0.0,0.0,0.0,0.0,0.0,0.0,0.0,0.0,0.0,0.0,0.0,0.0,0.0,0.0,0.0,0.0,0.0,0.0,0.0,0.0,0.0,0.0,0.0,0.0,0.0,0.0,0.0,0.0,0.0,0.0,0.0,0.0,0.0,0.0,0.0,0.0,0.0,0.0,0.0,0.0,0.0,I1,2025-12-14,Fiorentina,Verona,0.5592199632838469,0.2786682341583238,0.162111802557829,0.4144738471611268,0.5855261528388732,0.884497934005376,0.1155020659946237,0.6715096403486774,0.3284903596513224,0.3937508666016987,0.6062491333983011,0.1928904569127892,0.8071095430872106,0.0793244757544739,0.920675524245526,0.0279565348190714,0.9720434651809284,0.440780036716153,44.078003671615306,0.7213317658416762,72.13317658416763,0.1621118025578289,16.2111802557829,0.9013895023492824,90.13895023492825,0.9013895023492824,90.13895023492825,0.8926955166066972,89.2695516606697,0.8926955166066973,89.26955166066972
0.0,0.0,1.0,0.4981610639724554,0.5018389360275446,0.961679221976642,0.0383207780233578,0.7482967112202905,0.2517032887797095,0.5010553499950016,0.4989446500049984,0.2834614784014519,0.716538521598548,0.1363873727675024,0.8636126272324975,0.0587101671066935,0.9412898328933064,0.0,0.0,0.0,0.0,0.0,0.0,0.0,0.0,0.0,0.0,0.0,0.0,0.0,0.0,0.0,0.0,0.0,0.0,0.0,0.0,0.0,0.0,0.0,0.0,0.0,0.0,0.0,0.0,0.0,0.0,0.0,0.0,0.0,0.0,0.0,0.0,0.0,0.0,0.0,0.0,0.0,0.0,0.0,0.0,0.0,0.0,0.0,0.0,0.0,0.0,0.0,0.0,0.0,0.0,0.0,0.0,0.0,0.0,0.0,0.0,0.0,0.0,0.0,0.0,0.0,0.0,0.0,0.0,0.0,0.0,0.0,0.0,0.0,0.0,0.0,0.0,0.0,0.0,0.0,0.0,0.0,0.0,0.0,0.0,0.0,0.0,0.0,0.0,0.0,I1,2025-12-14,Milan,Sassuolo,0.6991000014005729,0.1990942406821444,0.1018057579172826,0.4659591762011338,0.5340408237988662,0.9367785803190656,0.0632214196809344,0.7946908133708017,0.205309186629198,0.5552058784495355,0.4447941215504644,0.3315075472631168,0.6684924527368831,0.1690434020312369,0.8309565979687631,0.0746498557014541,0.9253501442985458,0.300899998599427,30.089999859942708,0.8009057593178556,80.09057593178555,0.1018057579172826,10.180575791728252,0.9677981122286784,96.77981122286783,0.9677981122286784,96.77981122286783,0.945849471545466,94.5849471545466,0.945849471545466,94.5849471545466
0.0,0.0,1.0,0.5164020566897253,0.4835979433102747,0.961679221976642,0.0383207780233578,0.7482967112202905,0.2517032887797095,0.5010553499950016,0.4989446500049984,0.2834614784014519,0.716538521598548,0.1363873727675024,0.8636126272324975,0.0587101671066935,0.9412898328933064,0.0,0.0,0.0,0.0,0.0,0.0,0.0,0.0,0.0,0.0,0.0,0.0,0.0,0.0,0.0,0.0,0.0,0.0,0.0,0.0,0.0,0.0,0.0,0.0,0.0,0.0,0.0,0.0,0.0,0.0,0.0,0.0,0.0,0.0,0.0,0.0,0.0,0.0,0.0,0.0,0.0,0.0,0.0,0.0,0.0,0.0,0.0,0.0,0.0,0.0,0.0,0.0,0.0,0.0,0.0,0.0,0.0,0.0,0.0,0.0,0.0,0.0,0.0,0.0,0.0,0.0,0.0,0.0,0.0,0.0,0.0,0.0,0.0,0.0,0.0,0.0,0.0,0.0,0.0,0.0,0.0,0.0,0.0,0.0,0.0,0.0,0.0,0.0,0.0,I1,2025-12-14,Udinese,Napoli,0.0615093626620762,0.1749515366401494,0.7635391006977743,0.3612919294074735,0.6387080705925265,0.9283652770390208,0.0716347229609789,0.7658306241077645,0.2341693758922354,0.5163829758351457,0.4836170241648541,0.2949827406011383,0.7050172593988615,0.1432640643423984,0.8567359356576014,0.0600896026662396,0.9399103973337604,0.9384906373379238,93.84906373379238,0.8250484633598506,82.50484633598506,0.7635391006977743,76.35391006977743,0.8448898727177483,84.48898727177482,0.8448898727177482,84.4889872717748,0.984672374159856,98.46723741598558,0.9846723741598556,98.46723741598557
0.0,0.0,1.0,0.5013853415435279,0.4986146584564721,0.9563600922731144,0.0436399077268856,0.7289322973014429,0.271067702698557,0.4695094153835872,0.5304905846164127,0.2618854754028644,0.7381145245971356,0.1258417352089196,0.8741582647910804,0.0537979843153174,0.9462020156846824,0.0,0.0,0.0,0.0,0.0,0.0,0.0,0.0,0.0,0.0,0.0,0.0,0.0,0.0,0.0,0.0,0.0,0.0,0.0,0.0,0.0,0.0,0.0,0.0,0.0,0.0,0.0,0.0,0.0,0.0,0.0,0.0,0.0,0.0,0.0,0.0,0.0,0.0,0.0,0.0,0.0,0.0,0.0,0.0,0.0,0.0,0.0,0.0,0.0,0.0,0.0,0.0,0.0,0.0,0.0,0.0,0.0,0.0,0.0,0.0,0.0,0.0,0.0,0.0,0.0,0.0,0.0,0.0,0.0,0.0,0.0,0.0,0.0,0.0,0.0,0.0,0.0,0.0,0.0,0.0,0.0,0.0,0.0,0.0,0.0,0.0,0.0,0.0,0.0,I2,2025-12-14,Carrarese,Virtus Entella,0.6936636492641941,0.2077516846266515,0.0985846661091544,0.4742692573814465,0.5257307426185536,0.9331887890251817,0.0668112109748183,0.8012336050145719,0.1987663949854283,0.5584063569205984,0.4415936430794015,0.3346141362113102,0.6653858637886898,0.1713049941222226,0.8286950058777774,0.0759670031756341,0.9240329968243658,0.3063363507358059,30.63363507358059,0.7922483153733485,79.22483153733485,0.0985846661091544,9.858466610915428,0.9728839158379186,97.28839158379184,0.9728839158379186,97.28839158379184,0.9111030584629888,91.11030584629889,0.9111030584629888,91.11030584629889
0.0,0.0,1.0,0.5139398864792483,0.4860601135207517,0.9563600922731144,0.0436399077268856,0.7289322973014429,0.271067702698557,0.4695094153835872,0.5304905846164127,0.2618854754028644,0.7381145245971356,0.1258417352089196,0.8741582647910804,0.0537979843153174,0.9462020156846824,0.0,0.0,0.0,0.0,0.0,0.0,0.0,0.0,0.0,0.0,0.0,0.0,0.0,0.0,0.0,0.0,0.0,0.0,0.0,0.0,0.0,0.0,0.0,0.0,0.0,0.0,0.0,0.0,0.0,0.0,0.0,0.0,0.0,0.0,0.0,0.0,0.0,0.0,0.0,0.0,0.0,0.0,0.0,0.0,0.0,0.0,0.0,0.0,0.0,0.0,0.0,0.0,0.0,0.0,0.0,0.0,0.0,0.0,0.0,0.0,0.0,0.0,0.0,0.0,0.0,0.0,0.0,0.0,0.0,0.0,0.0,0.0,0.0,0.0,0.0,0.0,0.0,0.0,0.0,0.0,0.0,0.0,0.0,0.0,0.0,0.0,0.0,0.0,0.0,I2,2025-12-14,Pescara,Frosinone,0.0447864911355801,0.0871450165167121,0.8680684923477079,0.6216112825309409,0.3783887174690591,0.9885509281242978,0.0114490718757023,0.9612155575519872,0.038784442448013,0.8690053978197518,0.1309946021802484,0.7244674374061717,0.2755325625938283,0.546444068517496,0.453555931482504,0.3710309395108916,0.6289690604891084,0.95521350886442,95.521350886442,0.912854983483288,91.2854983483288,0.8680684923477079,86.80684923477078,0.8923286039483074,89.23286039483074,0.8923286039483074,89.23286039483074,0.6005040175638354,60.05040175638354,0.6005040175638356,60.050401756383565
0.0,0.0,1.0,0.5794390363270296,0.4205609636729703,0.9665462564383958,0.0334537435616042,0.7702686756984121,0.2297313243015879,0.5523522580790725,0.4476477419209275,0.3221605467294646,0.6778394532705354,0.1547140149734606,0.8452859850265393,0.0658570957121857,0.9341429042878144,0.0,0.0,0.0,0.0,0.0,0.0,0.0,0.0,0.0,0.0,0.0,0.0,0.0,0.0,0.0,0.0,0.0,0.0,0.0,0.0,0.0,0.0,0.0,0.0,0.0,0.0,0.0,0.0,0.0,0.0,0.0,0.0,0.0,0.0,0.0,0.0,0.0,0.0,0.0,0.0,0.0,0.0,0.0,0.0,0.0,0.0,0.0,0.0,0.0,0.0,0.0,0.0,0.0,0.0,0.0,0.0,0.0,0.0,0.0,0.0,0.0,0.0,0.0,0.0,0.0,0.0,0.0,0.0,0.0,0.0,0.0,0.0,0.0,0.0,0.0,0.0,0.0,0.0,0.0,0.0,0.0,0.0,0.0,0.0,0.0,0.0,0.0,0.0,0.0,N1,2025-12-14,Sparta Rotterdam,Heerenveen,0.3780621396822257,0.2631714252502874,0.3587664350674869,0.548500655597418,0.451499344402582,0.929789468042134,0.0702105319578662,0.7513521580551492,0.2486478419448509,0.5034358463738021,0.496564153626198,0.2832680003367203,0.7167319996632797,0.1353142072502931,0.8646857927497068,0.0557737101879768,0.9442262898120234,0.6219378603177743,62.19378603177744,0.7368285747497125,73.68285747497126,0.3587664350674868,35.876643506748685,0.9690616192703884,96.90616192703882,0.9690616192703884,96.90616192703884,0.9510835882947296,95.10835882947296,0.9510835882947296,95.10835882947296
0.0,0.0,1.0,0.5519857815718094,0.4480142184281905,0.9665462564383958,0.0334537435616042,0.7702686756984121,0.2297313243015879,0.5523522580790725,0.4476477419209275,0.3221605467294646,0.6778394532705354,0.1547140149734606,0.8452859850265393,0.0658570957121857,0.9341429042878144,0.0,0.0,0.0,0.0,0.0,0.0,0.0,0.0,0.0,0.0,0.0,0.0,0.0,0.0,0.0,0.0,0.0,0.0,0.0,0.0,0.0,0.0,0.0,0.0,0.0,0.0,0.0,0.0,0.0,0.0,0.0,0.0,0.0,0.0,0.0,0.0,0.0,0.0,0.0,0.0,0.0,0.0,0.0,0.0,0.0,0.0,0.0,0.0,0.0,0.0,0.0,0.0,0.0,0.0,0.0,0.0,0.0,0.0,0.0,0.0,0.0,0.0,0.0,0.0,0.0,0.0,0.0,0.0,0.0,0.0,0.0,0.0,0.0,0.0,0.0,0.0,0.0,0.0,0.0,0.0,0.0,0.0,0.0,0.0,0.0,0.0,0.0,0.0,0.0,N1,2025-12-14,Ajax,Feyenoord,0.2205050486261807,0.2078195421629262,0.5716754092108931,0.6415219493815564,0.3584780506184436,0.9664833181966348,0.0335166818033651,0.8596687046592214,0.1403312953407786,0.6686911150588625,0.3313088849411376,0.4512597895238811,0.548740210476119,0.2640455167069248,0.7359544832930753,0.1350882604876764,0.8649117395123236,0.7794949513738193,77.94949513738193,0.7921804578370738,79.21804578370738,0.5716754092108931,57.16754092108931,0.9104638321902532,91.0463832190253,0.9104638321902532,91.0463832190253,0.88366114302021,88.36611430202099,0.8836611430202101,88.366114302021
0.0,0.0,1.0,0.5532347603967107,0.4467652396032893,0.9665462564383958,0.0334537435616042,0.7702686756984121,0.2297313243015879,0.5523522580790725,0.4476477419209275,0.3221605467294646,0.6778394532705354,0.1547140149734606,0.8452859850265393,0.0658570957121857,0.9341429042878144,0.0,0.0,0.0,0.0,0.0,0.0,0.0,0.0,0.0,0.0,0.0,0.0,0.0,0.0,0.0,0.0,0.0,0.0,0.0,0.0,0.0,0.0,0.0,0.0,0.0,0.0,0.0,0.0,0.0,0.0,0.0,0.0,0.0,0.0,0.0,0.0,0.0,0.0,0.0,0.0,0.0,0.0,0.0,0.0,0.0,0.0,0.0,0.0,0.0,0.0,0.0,0.0,0.0,0.0,0.0,0.0,0.0,0.0,0.0,0.0,0.0,0.0,0.0,0.0,0.0,0.0,0.0,0.0,0.0,0.0,0.0,0.0,0.0,0.0,0.0,0.0,0.0,0.0,0.0,0.0,0.0,0.0,0.0,0.0,0.0,0.0,0.0,0.0,0.0,N1,2025-12-14,Twente,Go Ahead Eagles,0.6439351869944338,0.1927244324788814,0.1633403805266849,0.5898896206271097,0.4101103793728903,0.9630921890834632,0.0369078109165367,0.847947511879317,0.1520524881206829,0.6488942949198494,0.3511057050801507,0.4288722592355897,0.5711277407644103,0.2450560757392883,0.7549439242607117,0.1222015108860348,0.8777984891139653,0.3560648130055662,35.606481300556624,0.8072755675211186,80.72755675211187,0.1633403805266848,16.334038052668486,0.963345139769601,96.3345139769601,0.963345139769601,96.3345139769601,0.9034579631592232,90.3457963159223,0.9034579631592232,90.34579631592231
0.0,0.0,1.0,0.5610263194346479,0.4389736805653521,0.9665462564383958,0.0334537435616042,0.7702686756984121,0.2297313243015879,0.5523522580790725,0.4476477419209275,0.3221605467294646,0.6778394532705354,0.1547140149734606,0.8452859850265393,0.0658570957121857,0.9341429042878144,0.0,0.0,0.0,0.0,0.0,0.0,0.0,0.0,0.0,0.0,0.0,0.0,0.0,0.0,0.0,0.0,0.0,0.0,0.0,0.0,0.0,0.0,0.0,0.0,0.0,0.0,0.0,0.0,0.0,0.0,0.0,0.0,0.0,0.0,0.0,0.0,0.0,0.0,0.0,0.0,0.0,0.0,0.0,0.0,0.0,0.0,0.0,0.0,0.0,0.0,0.0,0.0,0.0,0.0,0.0,0.0,0.0,0.0,0.0,0.0,0.0,0.0,0.0,0.0,0.0,0.0,0.0,0.0,0.0,0.0,0.0,0.0,0.0,0.0,0.0,0.0,0.0,0.0,0.0,0.0,0.0,0.0,0.0,0.0,0.0,0.0,0.0,0.0,0.0,N1,2025-12-14,NAC Breda,Utrecht,0.1871028213677757,0.2464489606594327,0.5664482179727915,0.4654378504763667,0.5345621495236332,0.917067609109717,0.082932390890283,0.7177370426563153,0.2822629573436847,0.4599394644192227,0.5400605355807774,0.2455601675301134,0.7544398324698867,0.1107879043151808,0.8892120956848192,0.0430068706215385,0.9569931293784616,0.8128971786322243,81.28971786322244,0.7535510393405673,75.35510393405673,0.5664482179727915,56.64482179727914,0.9044115310417188,90.44115310417187,0.9044115310417188,90.44115310417187,0.9075872063401502,90.758720634015,0.90758720634015,90.758720634015
0.0,0.0,1.0,0.5008250758233929,0.4991749241766071,0.9581102861980656,0.0418897138019342,0.7353965654651502,0.2646034345348498,0.4863775331718249,0.513622466828175,0.2723876064552568,0.7276123935447432,0.1306144956075903,0.8693855043924097,0.0551798545238383,0.9448201454761616,0.0,0.0,0.0,0.0,0.0,0.0,0.0,0.0,0.0,0.0,0.0,0.0,0.0,0.0,0.0,0.0,0.0,0.0,0.0,0.0,0.0,0.0,0.0,0.0,0.0,0.0,0.0,0.0,0.0,0.0,0.0,0.0,0.0,0.0,0.0,0.0,0.0,0.0,0.0,0.0,0.0,0.0,0.0,0.0,0.0,0.0,0.0,0.0,0.0,0.0,0.0,0.0,0.0,0.0,0.0,0.0,0.0,0.0,0.0,0.0,0.0,0.0,0.0,0.0,0.0,0.0,0.0,0.0,0.0,0.0,0.0,0.0,0.0,0.0,0.0,0.0,0.0,0.0,0.0,0.0,0.0,0.0,0.0,0.0,0.0,0.0,0.0,0.0,0.0,P1,2025-12-14,Famalicao,Estoril,0.4245922369587671,0.2692707058591851,0.3061370571820476,0.477666861016201,0.5223331389837991,0.9107809625474662,0.0892190374525338,0.6853064689248042,0.3146935310751959,0.4262813617073677,0.5737186382926324,0.2180794235892233,0.7819205764107767,0.0939561132447753,0.9060438867552248,0.0347574475258359,0.965242552474164,0.5754077630412329,57.54077630412328,0.7307292941408149,73.07292941408149,0.3061370571820476,30.613705718204752,0.9768417851928082,97.6841785192808,0.976841785192808,97.6841785192808,0.9399038285355428,93.99038285355428,0.9399038285355428,93.99038285355424
0.0,0.0,1.0,0.5206736286994219,0.4793263713005781,0.9581102861980656,0.0418897138019342,0.7353965654651502,0.2646034345348498,0.4863775331718249,0.513622466828175,0.2723876064552568,0.7276123935447432,0.1306144956075903,0.8693855043924097,0.0551798545238383,0.9448201454761616,0.0,0.0,0.0,0.0,0.0,0.0,0.0,0.0,0.0,0.0,0.0,0.0,0.0,0.0,0.0,0.0,0.0,0.0,0.0,0.0,0.0,0.0,0.0,0.0,0.0,0.0,0.0,0.0,0.0,0.0,0.0,0.0,0.0,0.0,0.0,0.0,0.0,0.0,0.0,0.0,0.0,0.0,0.0,0.0,0.0,0.0,0.0,0.0,0.0,0.0,0.0,0.0,0.0,0.0,0.0,0.0,0.0,0.0,0.0,0.0,0.0,0.0,0.0,0.0,0.0,0.0,0.0,0.0,0.0,0.0,0.0,0.0,0.0,0.0,0.0,0.0,0.0,0.0,0.0,0.0,0.0,0.0,0.0,0.0,0.0,0.0,0.0,0.0,0.0,P1,2025-12-14,Moreirense,Benfica,0.0588446426608869,0.1082434048062656,0.8329119525328474,0.4826537483786818,0.5173462516213181,0.9771847750286486,0.0228152249713514,0.8854610830079013,0.1145389169920987,0.7197911582718637,0.2802088417281363,0.512314620236851,0.487685379763149,0.318784591772224,0.6812154082277762,0.1743677925630574,0.8256322074369428,0.9411553573391132,94.11553573391132,0.8917565951937344,89.17565951937344,0.8329119525328474,83.29119525328474,0.96198011967926,96.198011967926,0.96198011967926,96.198011967926,0.7665863748999613,76.65863748999612,0.7665863748999613,76.65863748999612
0.0,0.0,1.0,0.4781479272440476,0.5218520727559524,0.9581102861980656,0.0418897138019342,0.7353965654651502,0.2646034345348498,0.4863775331718249,0.513622466828175,0.2723876064552568,0.7276123935447432,0.1306144956075903,0.8693855043924097,0.0551798545238383,0.9448201454761616,0.0,0.0,0.0,0.0,0.0,0.0,0.0,0.0,0.0,0.0,0.0,0.0,0.0,0.0,0.0,0.0,0.0,0.0,0.0,0.0,0.0,0.0,0.0,0.0,0.0,0.0,0.0,0.0,0.0,0.0,0.0,0.0,0.0,0.0,0.0,0.0,0.0,0.0,0.0,0.0,0.0,0.0,0.0,0.0,0.0,0.0,0.0,0.0,0.0,0.0,0.0,0.0,0.0,0.0,0.0,0.0,0.0,0.0,0.0,0.0,0.0,0.0,0.0,0.0,0.0,0.0,0.0,0.0,0.0,0.0,0.0,0.0,0.0,0.0,0.0,0.0,0.0,0.0,0.0,0.0,0.0,0.0,0.0,0.0,0.0,0.0,0.0,0.0,0.0,P1,2025-12-14,Arouca,Alverca,0.3856805518284589,0.2280051822726869,0.386314265898854,0.6411864224253799,0.35881357757462,0.9631651794853472,0.0368348205146529,0.831741113147452,0.1682588868525478,0.6285365179759638,0.3714634820240361,0.4065403921649398,0.5934596078350601,0.2266817035768784,0.7733182964231217,0.1101061633779301,0.8898938366220699,0.614319448171541,61.4319448171541,0.771994817727313,77.1994817727313,0.386314265898854,38.631426589885386,0.8369615048186677,83.69615048186677,0.8369615048186676,83.69615048186677,0.8578410151958612,85.7841015195861,0.8578410151958611,85.7841015195861
0.0,0.0,1.0,0.5246728833802321,0.4753271166197679,0.9610528043047966,0.0389471956952034,0.7486199805611261,0.2513800194388739,0.5114670712837692,0.4885329287162308,0.2890389070760961,0.7109610929239039,0.1373705329254781,0.8626294670745218,0.0580084637194626,0.9419915362805372,0.0,0.0,0.0,0.0,0.0,0.0,0.0,0.0,0.0,0.0,0.0,0.0,0.0,0.0,0.0,0.0,0.0,0.0,0.0,0.0,0.0,0.0,0.0,0.0,0.0,0.0,0.0,0.0,0.0,0.0,0.0,0.0,0.0,0.0,0.0,0.0,0.0,0.0,0.0,0.0,0.0,0.0,0.0,0.0,0.0,0.0,0.0,0.0,0.0,0.0,0.0,0.0,0.0,0.0,0.0,0.0,0.0,0.0,0.0,0.0,0.0,0.0,0.0,0.0,0.0,0.0,0.0,0.0,0.0,0.0,0.0,0.0,0.0,0.0,0.0,0.0,0.0,0.0,0.0,0.0,0.0,0.0,0.0,0.0,0.0,0.0,0.0,0.0,0.0,SC0,2025-12-14,Aberdeen,Kilmarnock,0.5355976762875017,0.3059644489978801,0.1584378747146182,0.2989044936624781,0.7010955063375219,0.8294898516694932,0.1705101483305069,0.5344665575544595,0.4655334424455404,0.2648330219145491,0.7351669780854508,0.1059937291197381,0.8940062708802621,0.0351908160952263,0.9648091839047735,0.0099423909502846,0.9900576090497152,0.4644023237124983,46.44023237124984,0.6940355510021199,69.40355510021199,0.1584378747146182,15.843787471461823,0.774231610282246,77.4231610282246,0.774231610282246,77.4231610282246,0.7533659506307799,75.33659506307798,0.7533659506307799,75.336595063078
0.0,0.0,1.0,0.5489562544451371,0.4510437455548629,0.9571252005452666,0.0428747994547333,0.7319222387445468,0.2680777612554532,0.4765765994152425,0.5234234005847574,0.2654965090120127,0.7345034909879873,0.1291594543589103,0.8708405456410897,0.054378232521095,0.9456217674789048,0.0,0.0,0.0,0.0,0.0,0.0,0.0,0.0,0.0,0.0,0.0,0.0,0.0,0.0,0.0,0.0,0.0,0.0,0.0,0.0,0.0,0.0,0.0,0.0,0.0,0.0,0.0,0.0,0.0,0.0,0.0,0.0,0.0,0.0,0.0,0.0,0.0,0.0,0.0,0.0,0.0,0.0,0.0,0.0,0.0,0.0,0.0,0.0,0.0,0.0,0.0,0.0,0.0,0.0,0.0,0.0,0.0,0.0,0.0,0.0,0.0,0.0,0.0,0.0,0.0,0.0,0.0,0.0,0.0,0.0,0.0,0.0,0.0,0.0,0.0,0.0,0.0,0.0,0.0,0.0,0.0,0.0,0.0,0.0,0.0,0.0,0.0,0.0,0.0,SP1,2025-12-14,Sevilla,Oviedo,0.7954384184063841,0.1481851968502289,0.056376384743387,0.3217448052581405,0.6782551947418595,0.9358877741324004,0.0641122258675995,0.7582986716238453,0.2417013283761545,0.5163734374388261,0.4836265625611737,0.2949739606942366,0.7050260393057635,0.1432579557643497,0.8567420442356501,0.0600861380515586,0.9399138619484414,0.2045615815936159,20.456158159361596,0.8518148031497711,85.18148031497711,0.056376384743387,5.637638474338691,0.7727885508130035,77.27885508130034,0.7727885508130035,77.27885508130035,0.9602031619764164,96.02031619764163,0.9602031619764162,96.02031619764162
0.0,0.0,1.0,0.4997036778575204,0.5002963221424795,0.9571252005452666,0.0428747994547333,0.7319222387445468,0.2680777612554532,0.4765765994152425,0.5234234005847574,0.2654965090120127,0.7345034909879873,0.1291594543589103,0.8708405456410897,0.054378232521095,0.9456217674789048,0.0,0.0,0.0,0.0,0.0,0.0,0.0,0.0,0.0,0.0,0.0,0.0,0.0,0.0,0.0,0.0,0.0,0.0,0.0,0.0,0.0,0.0,0.0,0.0,0.0,0.0,0.0,0.0,0.0,0.0,0.0,0.0,0.0,0.0,0.0,0.0,0.0,0.0,0.0,0.0,0.0,0.0,0.0,0.0,0.0,0.0,0.0,0.0,0.0,0.0,0.0,0.0,0.0,0.0,0.0,0.0,0.0,0.0,0.0,0.0,0.0,0.0,0.0,0.0,0.0,0.0,0.0,0.0,0.0,0.0,0.0,0.0,0.0,0.0,0.0,0.0,0.0,0.0,0.0,0.0,0.0,0.0,0.0,0.0,0.0,0.0,0.0,0.0,0.0,SP1,2025-12-14,Celta,Ath Bilbao,0.3472485460074369,0.300398088764535,0.3523533652280279,0.4153271341778032,0.5846728658221967,0.8748435468450774,0.1251564531549225,0.6122695700082726,0.3877304299917272,0.3427441995948932,0.6572558004051067,0.1560559039815515,0.8439440960184483,0.0593616217620204,0.9406383782379796,0.0192957603935495,0.9807042396064504,0.6527514539925632,65.27514539925632,0.699601911235465,69.9601911235465,0.3523533652280278,35.23533652280278,0.9156234563202827,91.56234563202828,0.9156234563202827,91.56234563202828,0.8661676001796507,86.61676001796506,0.8661676001796508,86.61676001796508
0.0,0.0,1.0,0.5009672753338974,0.4990327246661026,0.9571252005452666,0.0428747994547333,0.7319222387445468,0.2680777612554532,0.4765765994152425,0.5234234005847574,0.2654965090120127,0.7345034909879873,0.1291594543589103,0.8708405456410897,0.054378232521095,0.9456217674789048,0.0,0.0,0.0,0.0,0.0,0.0,0.0,0.0,0.0,0.0,0.0,0.0,0.0,0.0,0.0,0.0,0.0,0.0,0.0,0.0,0.0,0.0,0.0,0.0,0.0,0.0,0.0,0.0,0.0,0.0,0.0,0.0,0.0,0.0,0.0,0.0,0.0,0.0,0.0,0.0,0.0,0.0,0.0,0.0,0.0,0.0,0.0,0.0,0.0,0.0,0.0,0.0,0.0,0.0,0.0,0.0,0.0,0.0,0.0,0.0,0.0,0.0,0.0,0.0,0.0,0.0,0.0,0.0,0.0,0.0,0.0,0.0,0.0,0.0,0.0,0.0,0.0,0.0,0.0,0.0,0.0,0.0,0.0,0.0,0.0,0.0,0.0,0.0,0.0,SP1,2025-12-14,Levante,Villarreal,0.0662572361553997,0.081642666071337,0.8521000977732632,0.7457039034480831,0.2542960965519169,0.9969894651238586,0.0030105348761413,0.978733873281858,0.0212661267181421,0.9268493197122504,0.0731506802877494,0.8268557971693019,0.173144202830698,0.6826404837435598,0.3173595162564402,0.5162452525520435,0.4837547474479565,0.9337427638446004,93.37427638446005,0.918357333928663,91.8357333928663,0.8521000977732632,85.2100097773263,0.7552633718858143,75.52633718858142,0.7552633718858143,75.52633718858142,0.5497272797029922,54.97272797029922,0.549727279702992,54.9727279702992
0.0,0.0,1.0,0.5174084554596938,0.4825915445403061,0.9571252005452666,0.0428747994547333,0.7319222387445468,0.2680777612554532,0.4765765994152425,0.5234234005847574,0.2654965090120127,0.7345034909879873,0.1291594543589103,0.8708405456410897,0.054378232521095,0.9456217674789048,0.0,0.0,0.0,0.0,0.0,0.0,0.0,0.0,0.0,0.0,0.0,0.0,0.0,0.0,0.0,0.0,0.0,0.0,0.0,0.0,0.0,0.0,0.0,0.0,0.0,0.0,0.0,0.0,0.0,0.0,0.0,0.0,0.0,0.0,0.0,0.0,0.0,0.0,0.0,0.0,0.0,0.0,0.0,0.0,0.0,0.0,0.0,0.0,0.0,0.0,0.0,0.0,0.0,0.0,0.0,0.0,0.0,0.0,0.0,0.0,0.0,0.0,0.0,0.0,0.0,0.0,0.0,0.0,0.0,0.0,0.0,0.0,0.0,0.0,0.0,0.0,0.0,0.0,0.0,0.0,0.0,0.0,0.0,0.0,0.0,0.0,0.0,0.0,0.0,SP1,2025-12-14,Alaves,Real Madrid,0.0905864804865873,0.2362318766558483,0.673181642857564,0.2657428334987335,0.7342571665012665,0.86590717200127,0.1340928279987298,0.5949195089094138,0.4050804910905859,0.3247713635062113,0.6752286364937884,0.1438430099885735,0.8561569900114263,0.0531368905746957,0.9468631094253042,0.0167574069209185,0.9832425930790812,0.9094135195134128,90.94135195134128,0.7637681233441517,76.37681233441516,0.673181642857564,67.31816428575638,0.7483343780390397,74.83343780390396,0.7483343780390397,74.83343780390396,0.8481947640909687,84.81947640909688,0.8481947640909691,84.81947640909691
0.0,0.0,1.0,0.5016445102577513,0.4983554897422487,0.9536374195582604,0.0463625804417394,0.7173513672334273,0.2826486327665727,0.4499951021810717,0.5500048978189283,0.251899409284719,0.7481005907152809,0.121926368542247,0.878073631457753,0.0519918720424791,0.9480081279575208,0.0,0.0,0.0,0.0,0.0,0.0,0.0,0.0,0.0,0.0,0.0,0.0,0.0,0.0,0.0,0.0,0.0,0.0,0.0,0.0,0.0,0.0,0.0,0.0,0.0,0.0,0.0,0.0,0.0,0.0,0.0,0.0,0.0,0.0,0.0,0.0,0.0,0.0,0.0,0.0,0.0,0.0,0.0,0.0,0.0,0.0,0.0,0.0,0.0,0.0,0.0,0.0,0.0,0.0,0.0,0.0,0.0,0.0,0.0,0.0,0.0,0.0,0.0,0.0,0.0,0.0,0.0,0.0,0.0,0.0,0.0,0.0,0.0,0.0,0.0,0.0,0.0,0.0,0.0,0.0,0.0,0.0,0.0,0.0,0.0,0.0,0.0,0.0,0.0,SP2,2025-12-14,Albacete,Malaga,0.6668847734529857,0.18631773216832,0.1467974943786942,0.5645903754241552,0.4354096245758447,0.9615999025811096,0.0384000974188904,0.8400458639790563,0.1599541360209436,0.6369470934075319,0.363052906592468,0.4156834283436639,0.584316571656336,0.234136143896442,0.7658638561035578,0.1149682128015766,0.8850317871984232,0.3331152265470143,33.311522654701434,0.81368226783168,81.368226783168,0.1467974943786941,14.679749437869404,0.937054134833596,93.7054134833596,0.937054134833596,93.7054134833596,0.8130480087735399,81.30480087735398,0.8130480087735398,81.30480087735398
0.0,0.0,1.0,0.5521525416434452,0.4478474583565548,0.9536374195582604,0.0463625804417394,0.7173513672334273,0.2826486327665727,0.4499951021810717,0.5500048978189283,0.251899409284719,0.7481005907152809,0.121926368542247,0.878073631457753,0.0519918720424791,0.9480081279575208,0.0,0.0,0.0,0.0,0.0,0.0,0.0,0.0,0.0,0.0,0.0,0.0,0.0,0.0,0.0,0.0,0.0,0.0,0.0,0.0,0.0,0.0,0.0,0.0,0.0,0.0,0.0,0.0,0.0,0.0,0.0,0.0,0.0,0.0,0.0,0.0,0.0,0.0,0.0,0.0,0.0,0.0,0.0,0.0,0.0,0.0,0.0,0.0,0.0,0.0,0.0,0.0,0.0,0.0,0.0,0.0,0.0,0.0,0.0,0.0,0.0,0.0,0.0,0.0,0.0,0.0,0.0,0.0,0.0,0.0,0.0,0.0,0.0,0.0,0.0,0.0,0.0,0.0,0.0,0.0,0.0,0.0,0.0,0.0,0.0,0.0,0.0,0.0,0.0,SP2,2025-12-14,Almeria,Burgos,0.51589668821722,0.227490178620286,0.2566131331624938,0.608817181524672,0.391182818475328,0.9557250008982378,0.0442749991017622,0.8219291942577566,0.1780708057422435,0.6075858406925064,0.3924141593074935,0.384259876592241,0.6157401234077591,0.2089091649314347,0.7910908350685654,0.0987638991847378,0.901236100815262,0.48410331178278,48.410331178278,0.772509821379714,77.2509821379714,0.2566131331624937,25.66131331624937,0.9433353601187732,94.3335360118773,0.9433353601187732,94.33353601187731,0.8424092614885653,84.24092614885652,0.8424092614885652,84.24092614885652
0.0,0.0,1.0,0.5158413844494552,0.4841586155505448,0.9536374195582604,0.0463625804417394,0.7173513672334273,0.2826486327665727,0.4499951021810717,0.5500048978189283,0.251899409284719,0.7481005907152809,0.121926368542247,0.878073631457753,0.0519918720424791,0.9480081279575208,0.0,0.0,0.0,0.0,0.0,0.0,0.0,0.0,0.0,0.0,0.0,0.0,0.0,0.0,0.0,0.0,0.0,0.0,0.0,0.0,0.0,0.0,0.0,0.0,0.0,0.0,0.0,0.0,0.0,0.0,0.0,0.0,0.0,0.0,0.0,0.0,0.0,0.0,0.0,0.0,0.0,0.0,0.0,0.0,0.0,0.0,0.0,0.0,0.0,0.0,0.0,0.0,0.0,0.0,0.0,0.0,0.0,0.0,0.0,0.0,0.0,0.0,0.0,0.0,0.0,0.0,0.0,0.0,0.0,0.0,0.0,0.0,0.0,0.0,0.0,0.0,0.0,0.0,0.0,0.0,0.0,0.0,0.0,0.0,0.0,0.0,0.0,0.0,0.0,SP2,2025-12-14,Ceuta,Las Palmas,0.1798119547479102,0.4201160676150115,0.4000719776370783,0.1767572765629214,0.8232427234370785,0.6840926239645041,0.3159073760354959,0.3221258769354162,0.6778741230645838,0.1109733581797145,0.8890266418202855,0.0300238013164919,0.9699761986835082,0.0066429087265639,0.993357091273436,0.0012403725350399,0.9987596274649604,0.8201880452520898,82.01880452520898,0.5798839323849885,57.98839323849885,0.4000719776370782,40.00719776370782,0.6609158921134662,66.09158921134663,0.6609158921134664,66.09158921134663,0.6609782559986428,66.09782559986427,0.6609782559986428,66.09782559986428
0.0,0.0,1.0,0.5472740858081158,0.4527259141918842,0.968733407504858,0.0312665924951418,0.7772458471759269,0.222754152824073,0.5616675535847384,0.4383324464152616,0.3282398036056693,0.6717601963943307,0.160679572687844,0.839320427312156,0.0704688744906286,0.9295311255093712,0.0,0.0,0.0,0.0,0.0,0.0,0.0,0.0,0.0,0.0,0.0,0.0,0.0,0.0,0.0,0.0,0.0,0.0,0.0,0.0,0.0,0.0,0.0,0.0,0.0,0.0,0.0,0.0,0.0,0.0,0.0,0.0,0.0,0.0,0.0,0.0,0.0,0.0,0.0,0.0,0.0,0.0,0.0,0.0,0.0,0.0,0.0,0.0,0.0,0.0,0.0,0.0,0.0,0.0,0.0,0.0,0.0,0.0,0.0,0.0,0.0,0.0,0.0,0.0,0.0,0.0,0.0,0.0,0.0,0.0,0.0,0.0,0.0,0.0,0.0,0.0,0.0,0.0,0.0,0.0,0.0,0.0,0.0,0.0,0.0,0.0,0.0,0.0,0.0,T1,2025-12-14,Trabzonspor,Besiktas,0.3497033343859861,0.2949397980651978,0.3553568675488159,0.5186345690969583,0.4813654309030417,0.9048481023941596,0.0951518976058403,0.7222575127624392,0.2777424872375608,0.4530610922975792,0.5469389077024208,0.2398253829577348,0.7601746170422652,0.1072018795074634,0.8927981204925365,0.0412129559003325,0.9587870440996672,0.6502966656140139,65.02966656140138,0.7050602019348022,70.50602019348023,0.3553568675488159,35.53568675488159,0.9713604832888424,97.13604832888424,0.9713604832888424,97.13604832888424,0.8913935387128408,89.13935387128407,0.8913935387128408,89.13935387128407
0.0,0.0,1.0,0.5738431871073271,0.4261568128926729,0.968733407504858,0.0312665924951418,0.7772458471759269,0.222754152824073,0.5616675535847384,0.4383324464152616,0.3282398036056693,0.6717601963943307,0.160679572687844,0.839320427312156,0.0704688744906286,0.9295311255093712,0.0,0.0,0.0,0.0,0.0,0.0,0.0,0.0,0.0,0.0,0.0,0.0,0.0,0.0,0.0,0.0,0.0,0.0,0.0,0.0,0.0,0.0,0.0,0.0,0.0,0.0,0.0,0.0,0.0,0.0,0.0,0.0,0.0,0.0,0.0,0.0,0.0,0.0,0.0,0.0,0.0,0.0,0.0,0.0,0.0,0.0,0.0,0.0,0.0,0.0,0.0,0.0,0.0,0.0,0.0,0.0,0.0,0.0,0.0,0.0,0.0,0.0,0.0,0.0,0.0,0.0,0.0,0.0,0.0,0.0,0.0,0.0,0.0,0.0,0.0,0.0,0.0,0.0,0.0,0.0,0.0,0.0,0.0,0.0,0.0,0.0,0.0,0.0,0.0,T1,2025-12-14,Gaziantep,Goztep,0.2533028653601996,0.3283060913064264,0.4183910433333737,0.4016674947694832,0.5983325052305168,0.8516826780063435,0.1483173219936563,0.6051643021997751,0.3948356978002248,0.3221174540060139,0.6778825459939861,0.1420733485795167,0.8579266514204832,0.0522518689099413,0.9477481310900586,0.016403327505399,0.9835966724946008,0.7466971346398004,74.66971346398003,0.6716939086935736,67.16939086935736,0.4183910433333737,41.83910433333736,0.8278243076621561,82.78243076621561,0.8278243076621561,82.78243076621561,0.7604499004212755,76.04499004212755,0.7604499004212755,76.04499004212755
0.0,0.0,1.0,0.5337273025391371,0.4662726974608628,0.968733407504858,0.0312665924951418,0.7772458471759269,0.222754152824073,0.5616675535847384,0.4383324464152616,0.3282398036056693,0.6717601963943307,0.160679572687844,0.839320427312156,0.0704688744906286,0.9295311255093712,0.0,0.0,0.0,0.0,0.0,0.0,0.0,0.0,0.0,0.0,0.0,0.0,0.0,0.0,0.0,0.0,0.0,0.0,0.0,0.0,0.0,0.0,0.0,0.0,0.0,0.0,0.0,0.0,0.0,0.0,0.0,0.0,0.0,0.0,0.0,0.0,0.0,0.0,0.0,0.0,0.0,0.0,0.0,0.0,0.0,0.0,0.0,0.0,0.0,0.0,0.0,0.0,0.0,0.0,0.0,0.0,0.0,0.0,0.0,0.0,0.0,0.0,0.0,0.0,0.0,0.0,0.0,0.0,0.0,0.0,0.0,0.0,0.0,0.0,0.0,0.0,0.0,0.0,0.0,0.0,0.0,0.0,0.0,0.0,0.0,0.0,0.0,0.0,0.0,T1,2025-12-14,Karagumruk,Kocaelispor,0.2690251820577804,0.3341544174847773,0.3968204004574421,0.3969778778750653,0.6030221221249347,0.8465112183268716,0.1534887816731283,0.5952944684359947,0.4047055315640053,0.3122420007788766,0.6877579992211234,0.1355644383008731,0.8644355616991268,0.0490342610359265,0.9509657389640735,0.0151308203387059,0.984869179661294,0.7309748179422195,73.09748179422195,0.6658455825152227,66.58455825152228,0.3968204004574421,39.6820400457442,0.8632505753359281,86.32505753359281,0.8632505753359282,86.32505753359281,0.7505744471941382,75.05744471941381,0.7505744471941382,75.05744471941382
0.0,0.0,1.0,0.5527467459857313,0.4472532540142687,0.968733407504858,0.0312665924951418,0.7772458471759269,0.222754152824073,0.5616675535847384,0.4383324464152616,0.3282398036056693,0.6717601963943307,0.160679572687844,0.839320427312156,0.0704688744906286,0.9295311255093712,0.0,0.0,0.0,0.0,0.0,0.0,0.0,0.0,0.0,0.0,0.0,0.0,0.0,0.0,0.0,0.0,0.0,0.0,0.0,0.0,0.0,0.0,0.0,0.0,0.0,0.0,0.0,0.0,0.0,0.0,0.0,0.0,0.0,0.0,0.0,0.0,0.0,0.0,0.0,0.0,0.0,0.0,0.0,0.0,0.0,0.0,0.0,0.0,0.0,0.0,0.0,0.0,0.0,0.0,0.0,0.0,0.0,0.0,0.0,0.0,0.0,0.0,0.0,0.0,0.0,0.0,0.0,0.0,0.0,0.0,0.0,0.0,0.0,0.0,0.0,0.0,0.0,0.0,0.0,0.0,0.0,0.0,0.0,0.0,0.0,0.0,0.0,0.0,0.0,T1,2025-12-14,Samsunspor,Buyuksehyr,0.4635469265198323,0.3488240484117567,0.1876290250684108,0.308964765194773,0.6910352348052269,0.8035745199733546,0.1964254800266454,0.5138485333256559,0.4861514666743439,0.2392381936563694,0.7607618063436306,0.0911921396804525,0.9088078603195472,0.0287693011174867,0.971230698882513,0.0077130923521144,0.9922869076478852,0.5364530734801677,53.64530734801677,0.6511759515882434,65.11759515882434,0.1876290250684108,18.762902506841076,0.7562180192090417,75.62180192090418,0.7562180192090419,75.62180192090418,0.677570640071631,67.7570640071631,0.677570640071631,67.75706400716311
0.0,0.0,1.0,0.5332509609397484,0.4667490390602515,0.9624857418950046,0.0375142581049954,0.7544091075583131,0.2455908924416868,0.5217291752074167,0.4782708247925833,0.2982536313913732,0.7017463686086268,0.1421216013977586,0.8578783986022414,0.0596744953164606,0.9403255046835391,0.0,0.0,0.0,0.0,0.0,0.0,0.0,0.0,0.0,0.0,0.0,0.0,0.0,0.0,0.0,0.0,0.0,0.0,0.0,0.0,0.0,0.0,0.0,0.0,0.0,0.0,0.0,0.0,0.0,0.0,0.0,0.0,0.0,0.0,0.0,0.0,0.0,0.0,0.0,0.0,0.0,0.0,0.0,0.0,0.0,0.0,0.0,0.0,0.0,0.0,0.0,0.0,0.0,0.0,0.0,0.0,0.0,0.0,0.0,0.0,0.0,0.0,0.0,0.0,0.0,0.0,0.0,0.0,0.0,0.0,0.0,0.0,0.0,0.0,0.0,0.0,0.0,0.0,0.0,0.0,0.0,0.0,0.0,0.0,0.0,0.0,0.0,0.0,0.0,E0,2025-12-15,Man United,Bournemouth,0.4501994389630778,0.2366414129938375,0.3131591480430845,0.6297896705300521,0.3702103294699479,0.95596858485026,0.0440314151497397,0.8276648145026732,0.1723351854973266,0.6147551425618535,0.3852448574381463,0.3918057842144973,0.6081942157855026,0.2148659518838898,0.7851340481161101,0.1025258061314865,0.8974741938685132,0.5498005610369222,54.98005610369222,0.7633585870061625,76.33585870061626,0.3131591480430845,31.31591480430844,0.9034612904096964,90.34612904096964,0.9034612904096964,90.34612904096964,0.9069740326455632,90.69740326455631,0.906974032645563,90.6974032645563
0.0,0.0,1.0,0.5172164610692159,0.4827835389307841,0.9610528043047966,0.0389471956952034,0.7451744901069949,0.2548255098930051,0.4972538101626051,0.5027461898373948,0.2798560841468444,0.7201439158531555,0.1347149378208495,0.8652850621791505,0.0580084637194626,0.9419915362805372,0.0,0.0,0.0,0.0,0.0,0.0,0.0,0.0,0.0,0.0,0.0,0.0,0.0,0.0,0.0,0.0,0.0,0.0,0.0,0.0,0.0,0.0,0.0,0.0,0.0,0.0,0.0,0.0,0.0,0.0,0.0,0.0,0.0,0.0,0.0,0.0,0.0,0.0,0.0,0.0,0.0,0.0,0.0,0.0,0.0,0.0,0.0,0.0,0.0,0.0,0.0,0.0,0.0,0.0,0.0,0.0,0.0,0.0,0.0,0.0,0.0,0.0,0.0,0.0,0.0,0.0,0.0,0.0,0.0,0.0,0.0,0.0,0.0,0.0,0.0,0.0,0.0,0.0,0.0,0.0,0.0,0.0,0.0,0.0,0.0,0.0,0.0,0.0,0.0,E1,2025-12-15,Sheffield Weds,Derby,0.1276846359918236,0.2153016525712721,0.6570137114369045,0.393296325796924,0.606703674203076,0.9156561533930216,0.0843438466069785,0.6999905842385605,0.3000094157614394,0.4429968846834336,0.5570031153165665,0.2315448401097943,0.7684551598902059,0.1020920123334204,0.8979079876665798,0.0386902716575541,0.961309728342446,0.8723153640081764,87.23153640081765,0.7846983474287279,78.46983474287279,0.6570137114369045,65.70137114369044,0.876079864727708,87.6079864727708,0.876079864727708,87.60798647277079,0.9457430745208284,94.57430745208283,0.9457430745208284,94.57430745208282
0.0,0.0,1.0,0.5189158211782008,0.4810841788217992,0.9555716829851096,0.0444283170148904,0.7252643443189806,0.2747356556810194,0.4669343125065228,0.5330656874934772,0.2614292384019068,0.7385707615980932,0.1257990545350934,0.8742009454649066,0.0532355738863239,0.946764426113676,0.0,0.0,0.0,0.0,0.0,0.0,0.0,0.0,0.0,0.0,0.0,0.0,0.0,0.0,0.0,0.0,0.0,0.0,0.0,0.0,0.0,0.0,0.0,0.0,0.0,0.0,0.0,0.0,0.0,0.0,0.0,0.0,0.0,0.0,0.0,0.0,0.0,0.0,0.0,0.0,0.0,0.0,0.0,0.0,0.0,0.0,0.0,0.0,0.0,0.0,0.0,0.0,0.0,0.0,0.0,0.0,0.0,0.0,0.0,0.0,0.0,0.0,0.0,0.0,0.0,0.0,0.0,0.0,0.0,0.0,0.0,0.0,0.0,0.0,0.0,0.0,0.0,0.0,0.0,0.0,0.0,0.0,0.0,0.0,0.0,0.0,0.0,0.0,0.0,F2,2025-12-15,Boulogne,Troyes,0.1102560864550716,0.1492295723094664,0.7405143412354621,0.5384775467586267,0.4615224532413733,0.9718392553484296,0.0281607446515704,0.855716484205277,0.144283515794723,0.6705674994705897,0.3294325005294105,0.4534165945169521,0.5465834054830481,0.265904547146324,0.7340954528536763,0.1363696767606569,0.8636303232393434,0.8897439135449284,88.97439135449284,0.8507704276905336,85.07704276905336,0.7405143412354621,74.0514341235462,0.980438274419574,98.0438274419574,0.980438274419574,98.0438274419574,0.7963668130359332,79.63668130359332,0.7963668130359334,79.63668130359332
0.0,0.0,1.0,0.5039041137257537,0.4960958862742463,0.961679221976642,0.0383207780233578,0.7482967112202905,0.2517032887797095,0.5010553499950016,0.4989446500049984,0.2834614784014519,0.716538521598548,0.1363873727675024,0.8636126272324975,0.0587101671066935,0.9412898328933064,0.0,0.0,0.0,0.0,0.0,0.0,0.0,0.0,0.0,0.0,0.0,0.0,0.0,0.0,0.0,0.0,0.0,0.0,0.0,0.0,0.0,0.0,0.0,0.0,0.0,0.0,0.0,0.0,0.0,0.0,0.0,0.0,0.0,0.0,0.0,0.0,0.0,0.0,0.0,0.0,0.0,0.0,0.0,0.0,0.0,0.0,0.0,0.0,0.0,0.0,0.0,0.0,0.0,0.0,0.0,0.0,0.0,0.0,0.0,0.0,0.0,0.0,0.0,0.0,0.0,0.0,0.0,0.0,0.0,0.0,0.0,0.0,0.0,0.0,0.0,0.0,0.0,0.0,0.0,0.0,0.0,0.0,0.0,0.0,0.0,0.0,0.0,0.0,0.0,I1,2025-12-15,Roma,Como,0.4086713087189122,0.4046751016243382,0.1866535896567495,0.2304195511467842,0.7695804488532157,0.7260323884872605,0.2739676115127395,0.3958850669332328,0.6041149330667671,0.1508504419766143,0.8491495580233857,0.0465916694706433,0.9534083305293568,0.0118143894416253,0.9881856105583748,0.0025339486526454,0.9974660513473548,0.5913286912810878,59.13286912810878,0.5953248983756618,59.53248983756618,0.1866535896567495,18.66535896567494,0.7265154374210305,72.65154374210304,0.7265154374210305,72.65154374210306,0.6497950919816127,64.97950919816127,0.6497950919816128,64.97950919816127
0.0,0.0,1.0,0.5431893024948435,0.4568106975051564,0.9581102861980656,0.0418897138019342,0.7353965654651502,0.2646034345348498,0.4863775331718249,0.513622466828175,0.2723876064552568,0.7276123935447432,0.1306144956075903,0.8693855043924097,0.0551798545238383,0.9448201454761616,0.0,0.0,0.0,0.0,0.0,0.0,0.0,0.0,0.0,0.0,0.0,0.0,0.0,0.0,0.0,0.0,0.0,0.0,0.0,0.0,0.0,0.0,0.0,0.0,0.0,0.0,0.0,0.0,0.0,0.0,0.0,0.0,0.0,0.0,0.0,0.0,0.0,0.0,0.0,0.0,0.0,0.0,0.0,0.0,0.0,0.0,0.0,0.0,0.0,0.0,0.0,0.0,0.0,0.0,0.0,0.0,0.0,0.0,0.0,0.0,0.0,0.0,0.0,0.0,0.0,0.0,0.0,0.0,0.0,0.0,0.0,0.0,0.0,0.0,0.0,0.0,0.0,0.0,0.0,0.0,0.0,0.0,0.0,0.0,0.0,0.0,0.0,0.0,0.0,P1,2025-12-15,Porto,Estrela,0.9005929750607967,0.0775883997510849,0.0218186251881182,0.2657643152036429,0.734235684796357,0.965944983533228,0.0340550164667718,0.8474566972037811,0.1525433027962186,0.6519387437853498,0.3480612562146501,0.432268367936432,0.5677316320635679,0.2478952234751364,0.7521047765248634,0.1240971691688048,0.8759028308311951,0.0994070249392032,9.940702493920329,0.9224116002489152,92.24116002489151,0.0218186251881181,2.181862518811817,0.7225750127087993,72.25750127087993,0.7225750127087994,72.25750127087993,0.8344387893864752,83.44387893864752,0.8344387893864751,83.44387893864752
0.0,0.0,1.0,0.5563782432232692,0.4436217567767307,0.9581102861980656,0.0418897138019342,0.7353965654651502,0.2646034345348498,0.4863775331718249,0.513622466828175,0.2723876064552568,0.7276123935447432,0.1306144956075903,0.8693855043924097,0.0551798545238383,0.9448201454761616,0.0,0.0,0.0,0.0,0.0,0.0,0.0,0.0,0.0,0.0,0.0,0.0,0.0,0.0,0.0,0.0,0.0,0.0,0.0,0.0,0.0,0.0,0.0,0.0,0.0,0.0,0.0,0.0,0.0,0.0,0.0,0.0,0.0,0.0,0.0,0.0,0.0,0.0,0.0,0.0,0.0,0.0,0.0,0.0,0.0,0.0,0.0,0.0,0.0,0.0,0.0,0.0,0.0,0.0,0.0,0.0,0.0,0.0,0.0,0.0,0.0,0.0,0.0,0.0,0.0,0.0,0.0,0.0,0.0,0.0,0.0,0.0,0.0,0.0,0.0,0.0,0.0,0.0,0.0,0.0,0.0,0.0,0.0,0.0,0.0,0.0,0.0,0.0,0.0,P1,2025-12-15,Sp Braga,Santa Clara,0.7199402477218392,0.203132143648783,0.0769276086293776,0.2726347723815939,0.727365227618406,0.890392686709896,0.1096073132901039,0.6423459057384036,0.3576540942615963,0.3758605906936814,0.6241394093063186,0.1796033355027289,0.820396664497271,0.0719226394963636,0.928077360503636,0.0246576055239542,0.9753423944760456,0.2800597522781608,28.005975227816084,0.796867856351217,79.68678563512171,0.0769276086293775,7.692760862937753,0.7162565291583247,71.62565291583246,0.7162565291583247,71.62565291583248,0.8894830575218564,88.94830575218565,0.8894830575218564,88.94830575218565
0.0,0.0,1.0,0.4783850892862584,0.5216149107137416,0.9610528043047966,0.0389471956952034,0.7486199805611261,0.2513800194388739,0.5114670712837692,0.4885329287162308,0.2890389070760961,0.7109610929239039,0.1373705329254781,0.8626294670745218,0.0580084637194626,0.9419915362805372,0.0,0.0,0.0,0.0,0.0,0.0,0.0,0.0,0.0,0.0,0.0,0.0,0.0,0.0,0.0,0.0,0.0,0.0,0.0,0.0,0.0,0.0,0.0,0.0,0.0,0.0,0.0,0.0,0.0,0.0,0.0,0.0,0.0,0.0,0.0,0.0,0.0,0.0,0.0,0.0,0.0,0.0,0.0,0.0,0.0,0.0,0.0,0.0,0.0,0.0,0.0,0.0,0.0,0.0,0.0,0.0,0.0,0.0,0.0,0.0,0.0,0.0,0.0,0.0,0.0,0.0,0.0,0.0,0.0,0.0,0.0,0.0,0.0,0.0,0.0,0.0,0.0,0.0,0.0,0.0,0.0,0.0,0.0,0.0,0.0,0.0,0.0,0.0,0.0,SC0,2025-12-15,Rangers,Hibernian,0.543103782887735,0.2498034530541742,0.2070927640580909,0.4887755831698516,0.5112244168301484,0.9211432315860604,0.0788567684139398,0.7295520641579344,0.2704479358420656,0.4744415255796974,0.5255584744203027,0.2578536370481332,0.7421463629518671,0.1186041591956689,0.8813958408043314,0.0469827321116403,0.95301726788836,0.456896217112265,45.6896217112265,0.7501965469458258,75.01965469458258,0.2070927640580908,20.709276405809085,0.9896095061164067,98.96095061164068,0.9896095061164067,98.96095061164068,0.9629744542959282,96.2974454295928,0.962974454295928,96.2974454295928
0.0,0.0,1.0,0.5063955313616151,0.4936044686383849,0.9571252005452666,0.0428747994547333,0.7319222387445468,0.2680777612554532,0.4765765994152425,0.5234234005847574,0.2654965090120127,0.7345034909879873,0.1291594543589103,0.8708405456410897,0.054378232521095,0.9456217674789048,0.0,0.0,0.0,0.0,0.0,0.0,0.0,0.0,0.0,0.0,0.0,0.0,0.0,0.0,0.0,0.0,0.0,0.0,0.0,0.0,0.0,0.0,0.0,0.0,0.0,0.0,0.0,0.0,0.0,0.0,0.0,0.0,0.0,0.0,0.0,0.0,0.0,0.0,0.0,0.0,0.0,0.0,0.0,0.0,0.0,0.0,0.0,0.0,0.0,0.0,0.0,0.0,0.0,0.0,0.0,0.0,0.0,0.0,0.0,0.0,0.0,0.0,0.0,0.0,0.0,0.0,0.0,0.0,0.0,0.0,0.0,0.0,0.0,0.0,0.0,0.0,0.0,0.0,0.0,0.0,0.0,0.0,0.0,0.0,0.0,0.0,0.0,0.0,0.0,SP1,2025-12-15,Vallecano,Betis,0.1853904912640593,0.2760032838757061,0.5386062248602347,0.3710721489886211,0.6289278510113789,0.874557928471582,0.1254420715284183,0.6119607889414145,0.3880392110585857,0.3423291183201831,0.657670881679817,0.1557693566755153,0.8442306433244849,0.0592132595319181,0.9407867404680824,0.0192343066712855,0.9807656933287148,0.8146095087359407,81.46095087359407,0.723996716124294,72.3996716124294,0.5386062248602347,53.86062248602346,0.864676617627006,86.4676617627006,0.864676617627006,86.4676617627006,0.8657525189049405,86.57525189049406,0.8657525189049404,86.57525189049404
0.0,0.0,1.0,0.5195454360355314,0.4804545639644686,0.9536374195582604,0.0463625804417394,0.7173513672334273,0.2826486327665727,0.4499951021810717,0.5500048978189283,0.251899409284719,0.7481005907152809,0.121926368542247,0.878073631457753,0.0519918720424791,0.9480081279575208,0.0,0.0,0.0,0.0,0.0,0.0,0.0,0.0,0.0,0.0,0.0,0.0,0.0,0.0,0.0,0.0,0.0,0.0,0.0,0.0,0.0,0.0,0.0,0.0,0.0,0.0,0.0,0.0,0.0,0.0,0.0,0.0,0.0,0.0,0.0,0.0,0.0,0.0,0.0,0.0,0.0,0.0,0.0,0.0,0.0,0.0,0.0,0.0,0.0,0.0,0.0,0.0,0.0,0.0,0.0,0.0,0.0,0.0,0.0,0.0,0.0,0.0,0.0,0.0,0.0,0.0,0.0,0.0,0.0,0.0,0.0,0.0,0.0,0.0,0.0,0.0,0.0,0.0,0.0,0.0,0.0,0.0,0.0,0.0,0.0,0.0,0.0,0.0,0.0,SP2,2025-12-15,Castellon,Mirandes,0.7408722669943609,0.1396005151458248,0.119527217859814,0.6775257863345598,0.3224742136654401,0.9861780354156272,0.0138219645843727,0.9296801063903766,0.0703198936096233,0.8049878750776117,0.1950121249223883,0.6262090825670287,0.3737909174329711,0.4331815276853433,0.5668184723146565,0.2664519668896064,0.7335480331103935,0.259127733005639,25.912773300563902,0.8603994848541752,86.03994848541751,0.119527217859814,11.95272178598139,0.8420196497009715,84.20196497009715,0.8420196497009715,84.20196497009714,0.64500722710346,64.500722710346,0.6450072271034601,64.500722710346
